PlanetID,HDName,Spec,d_pc,L_sol,M_sol,Rp_Rearth,sma_AU,P_yr,ecc,inc_rad,aop_rad,pan_rad,epp_yr,Mp_Mearth,albedo,HZ
HD 72905_1,HD 72905,G0.5V Fe-0.5,14.439,0.973,1.08,0.5,0.661,0.517,0.069,1.282,4.023,2.705,2034.546,0.051,0.412,False
HD 72905_3,HD 72905,G0.5V Fe-0.5,14.439,0.973,1.08,2.776,0.899,0.821,0.099,0.884,2.452,1.273,2034.327,19.234,0.343,True
HD 72905_4,HD 72905,G0.5V Fe-0.5,14.439,0.973,1.08,1.407,0.923,0.853,0.214,1.253,0.461,2.101,2034.96,2.24,0.379,False
HD 72905_5,HD 72905,G0.5V Fe-0.5,14.439,0.973,1.08,0.525,3.175,5.443,0.086,1.409,4.663,3.65,2034.496,0.068,0.334,False
HD 84117_2,HD 84117,F9V,14.951,1.977,1.14,0.807,0.48,0.311,0.183,1.188,0.701,5.616,2034.814,0.707,0.346,False
HD 84117_3,HD 84117,F9V,14.951,1.977,1.14,0.583,2.469,3.634,0.127,1.299,6.107,6.006,2032.523,0.157,0.42,False
HD 84117_5,HD 84117,F9V,14.951,1.977,1.14,0.605,2.421,3.528,0.095,0.549,3.805,4.425,2033.24,0.239,0.367,False
HD 84737_0,HD 84737,G0(V),18.823,2.795,1.08,1.352,0.596,0.443,0.087,1.329,0.385,3.844,2034.745,1.551,0.341,False
HD 84737_1,HD 84737,G0(V),18.823,2.795,1.08,1.189,3.025,5.063,0.071,1.553,2.73,2.629,2030.271,1.926,0.299,False
HD 84737_2,HD 84737,G0(V),18.823,2.795,1.08,1.079,1.078,1.077,0.014,1.121,0.013,5.277,2034.155,0.698,0.415,False
HD 84737_3,HD 84737,G0(V),18.823,2.795,1.08,0.833,3.774,7.054,0.025,1.205,2.801,0.387,2034.611,0.848,0.419,False
HD 84737_4,HD 84737,G0(V),18.823,2.795,1.08,3.133,0.254,0.123,0.074,0.798,1.115,4.93,2034.919,13.741,0.389,False
HD 84737_5,HD 84737,G0(V),18.823,2.795,1.08,0.508,2.993,4.982,0.205,0.596,4.512,5.968,2033.785,0.086,0.341,False
HD 86728 A_0,HD 86728 A,G4IV,14.926,1.378,1.0,0.53,0.138,0.051,0.113,1.553,4.689,1.709,2034.96,0.078,0.264,False
HD 86728 A_1,HD 86728 A,G4IV,14.926,1.378,1.0,0.519,1.194,1.305,0.049,0.884,1.973,0.938,2034.508,0.144,0.331,True
HD 86728 A_2,HD 86728 A,G4IV,14.926,1.378,1.0,0.736,1.586,1.998,0.024,0.633,6.24,4.69,2033.463,0.367,0.285,True
HD 86728 A_3,HD 86728 A,G4IV,14.926,1.378,1.0,0.971,0.34,0.198,0.077,0.642,1.746,0.744,2034.987,1.901,0.375,False
HD 86728 A_4,HD 86728 A,G4IV,14.926,1.378,1.0,2.985,3.143,5.572,0.15,1.043,2.118,0.847,2029.649,16.709,0.334,False
HD 86728 A_5,HD 86728 A,G4IV,14.926,1.378,1.0,1.155,0.238,0.116,0.132,1.36,3.136,0.025,2034.938,6.008,0.32,False
HD 86728 A_6,HD 86728 A,G4IV,14.926,1.378,1.0,2.462,2.84,4.785,0.137,0.991,0.499,2.361,2034.391,3.621,0.326,False
HD 88230_0,HD 88230,K7V,4.871,0.103,0.63,1.413,1.858,3.191,0.024,0.811,0.426,3.97,2034.604,3.961,0.322,False
HD 88230_1,HD 88230,K7V,4.871,0.103,0.63,2.613,0.369,0.283,0.102,1.189,1.417,2.61,2034.842,14.391,0.35,True
HD 88230_2,HD 88230,K7V,4.871,0.103,0.63,0.511,0.941,1.15,0.058,1.275,3.724,4.381,2034.47,0.079,0.355,False
HD 88230_3,HD 88230,K7V,4.871,0.103,0.63,1.541,1.397,2.081,0.055,0.769,4.473,2.155,2033.891,3.057,0.337,False
HD 88230_4,HD 88230,K7V,4.871,0.103,0.63,0.831,0.683,0.711,0.12,1.332,1.222,3.19,2034.664,0.221,0.411,False
HD 88230_5,HD 88230,K7V,4.871,0.103,0.63,1.594,2.552,5.137,0.09,0.75,4.725,5.484,2031.888,2.912,0.35,False
HD 88230_6,HD 88230,K7V,4.871,0.103,0.63,0.661,2.842,6.038,0.103,1.017,2.35,4.218,2033.307,0.567,0.422,False
HD 90839_0,HD 90839,F8V,12.945,1.605,1.18,0.781,3.665,6.459,0.022,1.423,3.36,1.025,2034.289,0.186,0.438,False
HD 90839_1,HD 90839,F8V,12.945,1.605,1.18,1.403,0.191,0.077,0.094,0.774,0.138,2.679,2034.935,2.751,0.331,False
HD 90839_2,HD 90839,F8V,12.945,1.605,1.18,1.125,3.378,5.715,0.112,0.999,0.323,5.36,2033.911,1.619,0.394,False
HD 90839_5,HD 90839,F8V,12.945,1.605,1.18,2.273,0.15,0.054,0.051,0.905,6.064,0.301,2034.996,4.226,0.283,False
HD 95128_1,HD 95128,G1.5IV-V Fe-1,13.887,1.577,1.07,0.586,2.285,3.339,0.074,1.178,0.782,1.131,2033.964,0.282,0.372,False
HD 95128_2,HD 95128,G1.5IV-V Fe-1,13.887,1.577,1.07,0.538,4.586,9.494,0.035,1.285,1.809,4.922,2031.84,0.083,0.251,False
HD 95128_3,HD 95128,G1.5IV-V Fe-1,13.887,1.577,1.07,2.771,0.343,0.194,0.031,0.974,2.157,0.395,2034.991,10.086,0.337,False
HD 95128_4,HD 95128,G1.5IV-V Fe-1,13.887,1.577,1.07,1.218,2.15,3.049,0.173,1.301,0.349,4.98,2033.452,6.511,0.354,False
HD 95128_5,HD 95128,G1.5IV-V Fe-1,13.887,1.577,1.07,2.299,0.6,0.449,0.105,0.496,5.029,0.359,2034.781,8.137,0.382,False
HD 95128_6,HD 95128,G1.5IV-V Fe-1,13.887,1.577,1.07,2.419,0.335,0.188,0.024,0.659,0.47,1.192,2034.965,8.582,0.427,False
HD 95128_7,HD 95128,G1.5IV-V Fe-1,13.887,1.577,1.07,1.394,0.847,0.754,0.089,0.714,5.981,0.087,2034.499,3.129,0.328,False
HD 95128_8,HD 95128,G1.5IV-V Fe-1,13.887,1.577,1.07,2.182,0.588,0.436,0.034,0.849,0.263,3.068,2034.934,8.46,0.369,False
HD 95735_0,HD 95735,M2V,2.546,0.02,0.44,0.901,0.673,0.833,0.041,1.211,1.101,6.223,2034.858,1.876,0.393,False
HD 95735_2,HD 95735,M2V,2.546,0.02,0.44,0.638,0.392,0.37,0.078,1.424,3.528,3.144,2034.916,0.252,0.366,False
HD 95735_3,HD 95735,M2V,2.546,0.02,0.44,0.847,0.164,0.1,0.146,0.462,1.33,0.229,2034.907,1.655,0.456,True
HD 95735_4,HD 95735,M2V,2.546,0.02,0.44,1.454,2.481,5.892,0.023,1.44,4.415,4.069,2031.119,2.402,0.403,False
HD 95735_6,HD 95735,M2V,2.546,0.02,0.44,1.008,0.163,0.099,0.047,1.306,1.15,0.352,2034.941,2.764,0.365,True
HD 100623 A_0,HD 100623 A,K0-V,9.559,0.37,0.88,2.503,4.014,8.573,0.105,1.323,5.091,2.778,2029.638,8.448,0.443,False
HD 100623 A_2,HD 100623 A,K0-V,9.559,0.37,0.88,0.559,0.102,0.035,0.086,0.613,4.956,3.357,2034.968,0.245,0.33,False
HD 100623 A_3,HD 100623 A,K0-V,9.559,0.37,0.88,1.441,4.384,9.784,0.075,1.334,4.738,3.92,2030.998,2.214,0.386,False
HD 100623 A_4,HD 100623 A,K0-V,9.559,0.37,0.88,0.66,2.524,4.276,0.072,0.567,2.82,5.351,2034.325,0.613,0.308,False
HD 100623 A_5,HD 100623 A,K0-V,9.559,0.37,0.88,0.734,4.18,9.11,0.038,0.777,1.798,1.237,2028.089,0.337,0.348,False
HD 100623 A_6,HD 100623 A,K0-V,9.559,0.37,0.88,0.555,0.362,0.232,0.165,1.317,1.707,2.071,2034.98,0.359,0.349,False
HD 100623 A_7,HD 100623 A,K0-V,9.559,0.37,0.88,1.365,4.073,8.763,0.068,1.395,5.659,5.58,2026.819,1.972,0.451,False
HD 101501_3,HD 101501,G8V,9.576,0.609,0.94,1.262,0.112,0.039,0.069,1.095,6.265,3.976,2034.989,2.497,0.366,False
HD 101501_7,HD 101501,G8V,9.576,0.609,0.94,0.887,0.888,0.864,0.054,1.486,2.335,1.806,2034.679,0.333,0.356,True
HD 102365_0,HD 102365,G2V,9.319,0.844,1.02,2.235,1.154,1.227,0.024,0.501,3.826,0.031,2033.84,11.472,0.297,True
HD 102365_1,HD 102365,G2V,9.319,0.844,1.02,1.113,4.021,7.983,0.031,0.814,1.173,2.336,2031.087,0.834,0.341,False
HD 102365_2,HD 102365,G2V,9.319,0.844,1.02,0.976,0.113,0.038,0.031,1.053,4.464,2.533,2034.989,0.303,0.356,False
HD 109358_0,HD 109358,G0V,8.473,1.151,1.08,0.661,0.599,0.446,0.064,0.29,2.477,3.712,2034.799,0.193,0.431,False
HD 109358_1,HD 109358,G0V,8.473,1.151,1.08,1.946,0.313,0.168,0.024,1.21,4.325,0.282,2034.868,4.835,0.358,False
HD 109358_3,HD 109358,G0V,8.473,1.151,1.08,1.409,0.172,0.069,0.066,1.097,1.645,3.197,2034.993,1.609,0.414,False
HD 109358_4,HD 109358,G0V,8.473,1.151,1.08,0.58,1.488,1.747,0.078,0.69,5.965,4.661,2034.817,0.237,0.382,True
HD 109358_5,HD 109358,G0V,8.473,1.151,1.08,3.285,3.968,7.605,0.05,1.269,5.648,3.835,2029.653,25.806,0.345,False
HD 114710_0,HD 114710,F9.5V,9.197,1.357,1.11,0.681,1.415,1.598,0.117,0.966,5.2,2.104,2034.116,0.147,0.354,True
HD 114710_1,HD 114710,F9.5V,9.197,1.357,1.11,0.63,0.314,0.167,0.116,1.34,1.521,1.949,2034.919,1.142,0.338,False
HD 114710_2,HD 114710,F9.5V,9.197,1.357,1.11,0.683,2.258,3.22,0.018,1.336,3.838,6.118,2031.902,0.173,0.375,False
HD 114710_4,HD 114710,F9.5V,9.197,1.357,1.11,0.898,0.861,0.759,0.053,0.723,0.017,0.699,2034.3,0.439,0.336,False
HD 114710_5,HD 114710,F9.5V,9.197,1.357,1.11,3.108,0.124,0.042,0.109,1.273,0.519,5.146,2034.987,17.681,0.291,False
HD 115617_0,HD 115617,G6.5V,8.534,0.825,0.97,0.732,1.956,2.778,0.004,0.383,5.972,1.706,2033.385,1.017,0.359,False
HD 115617_1,HD 115617,G6.5V,8.534,0.825,0.97,2.931,0.76,0.672,0.09,1.424,0.866,0.441,2034.918,6.157,0.3,True
HD 115617_2,HD 115617,G6.5V,8.534,0.825,0.97,0.562,0.621,0.496,0.047,1.407,5.632,5.786,2034.724,0.059,0.319,False
HD 115617_3,HD 115617,G6.5V,8.534,0.825,0.97,3.38,0.199,0.09,0.073,0.937,4.519,1.911,2034.972,12.207,0.343,False
HD 115617_4,HD 115617,G6.5V,8.534,0.825,0.97,0.763,2.599,4.254,0.104,1.539,4.349,3.519,2033.532,0.174,0.38,False
HD 115617_5,HD 115617,G6.5V,8.534,0.825,0.97,1.487,2.098,3.086,0.045,0.738,2.175,5.256,2032.262,3.177,0.452,False
HD 115617_6,HD 115617,G6.5V,8.534,0.825,0.97,0.942,3.003,5.283,0.084,1.116,2.634,0.25,2033.585,0.936,0.376,False
HD 128167_0,HD 128167,F4VkF2mF1,15.756,3.182,1.39,1.15,1.283,1.233,0.14,1.294,3.007,6.278,2033.808,1.29,0.387,False
HD 128167_2,HD 128167,F4VkF2mF1,15.756,3.182,1.39,1.328,3.433,5.396,0.063,0.968,4.965,4.893,2034.453,2.483,0.287,False
HD 128167_3,HD 128167,F4VkF2mF1,15.756,3.182,1.39,2.132,4.878,9.139,0.117,1.075,2.831,1.656,2029.783,5.678,0.325,False
HD 128167_4,HD 128167,F4VkF2mF1,15.756,3.182,1.39,1.923,1.323,1.291,0.044,1.113,1.308,3.762,2034.464,2.477,0.433,False
HD 128621_0,HD 128621,K1V,1.332,0.503,0.94,0.591,0.181,0.079,0.076,1.073,4.877,1.028,2034.929,0.281,0.393,False
HD 128621_1,HD 128621,K1V,1.332,0.503,0.94,0.756,3.969,8.154,0.152,0.659,4.967,2.862,2033.787,0.624,0.358,False
HD 128621_3,HD 128621,K1V,1.332,0.503,0.94,0.667,4.377,9.446,0.084,1.269,1.827,4.797,2031.553,0.424,0.413,False
HD 128621_4,HD 128621,K1V,1.332,0.503,0.94,1.179,1.135,1.246,0.055,0.626,1.017,4.607,2034.654,1.502,0.301,True
HD 128620_0,HD 128620,G2V,1.332,1.521,1.11,0.945,1.567,1.862,0.074,1.526,4.816,1.436,2034.957,0.738,0.403,True
HD 128620_1,HD 128620,G2V,1.332,1.521,1.11,1.198,1.266,1.352,0.016,0.855,5.278,5.438,2034.618,6.221,0.337,True
HD 131156 A_0,HD 131156 A,G8-V,6.754,0.553,0.96,2.426,0.922,0.904,0.01,0.048,2.168,3.364,2034.397,6.027,0.373,True
HD 131156 A_1,HD 131156 A,G8-V,6.754,0.553,0.96,1.932,1.097,1.173,0.147,1.009,5.575,0.219,2034.76,4.971,0.388,True
HD 131977_0,HD 131977,K4V,5.886,0.223,0.72,1.305,2.114,3.621,0.033,0.618,0.269,0.235,2034.314,3.47,0.386,False
HD 134083_0,HD 134083,F5V,19.536,3.255,1.33,1.9,0.116,0.034,0.07,1.34,2.973,0.089,2034.983,7.058,0.38,False
HD 134083_1,HD 134083,F5V,19.536,3.255,1.33,1.358,0.36,0.187,0.097,0.917,5.506,4.521,2034.968,2.746,0.323,False
HD 134083_3,HD 134083,F5V,19.536,3.255,1.33,0.881,0.749,0.562,0.13,1.021,2.484,2.205,2034.748,0.684,0.349,False
HD 134083_4,HD 134083,F5V,19.536,3.255,1.33,0.591,0.959,0.814,0.114,0.726,1.661,1.043,2034.544,0.338,0.433,False
HD 136352_0,HD 136352,G2.5V Hdel1,14.739,1.029,1.02,0.501,1.127,1.185,0.083,0.705,5.806,5.837,2034.523,0.05,0.402,True
HD 136352_2,HD 136352,G2.5V Hdel1,14.739,1.029,1.02,1.549,0.995,0.983,0.082,1.476,1.185,1.713,2034.162,3.519,0.429,True
HD 136352_3,HD 136352,G2.5V Hdel1,14.739,1.029,1.02,2.041,3.774,7.258,0.069,0.454,2.318,2.655,2029.817,4.78,0.375,False
HD 136352_4,HD 136352,G2.5V Hdel1,14.739,1.029,1.02,0.826,1.831,2.453,0.068,0.571,1.909,1.793,2033.641,0.342,0.386,False
HD 140538 A_0,HD 140538 A,G5V,14.793,0.834,0.94,0.685,2.088,3.113,0.047,1.364,5.559,4.168,2033.982,0.069,0.463,False
HD 140538 A_1,HD 140538 A,G5V,14.793,0.834,0.94,2.798,0.512,0.378,0.053,1.291,0.094,3.699,2034.897,18.338,0.323,False
HD 140538 A_2,HD 140538 A,G5V,14.793,0.834,0.94,0.916,4.137,8.679,0.053,1.227,1.81,6.273,2028.338,0.304,0.402,False
HD 141004_0,HD 141004,G0-V(k),11.916,2.004,1.09,2.901,2.629,4.082,0.092,1.551,3.803,2.054,2031.582,8.518,0.374,False
HD 141004_1,HD 141004,G0-V(k),11.916,2.004,1.09,0.654,0.651,0.503,0.071,1.543,4.397,3.868,2034.922,0.168,0.351,False
HD 141004_2,HD 141004,G0-V(k),11.916,2.004,1.09,1.019,4.426,8.919,0.098,1.016,3.857,5.289,2027.459,2.941,0.417,False
HD 141004_3,HD 141004,G0-V(k),11.916,2.004,1.09,0.578,4.115,7.996,0.06,0.897,1.314,1.297,2029.803,0.125,0.295,False
HD 141004_4,HD 141004,G0-V(k),11.916,2.004,1.09,1.732,3.163,5.389,0.091,0.395,5.057,2.667,2032.999,4.206,0.335,False
HD 142373_0,HD 142373,G0V Fe+0.4,15.898,3.136,1.08,0.757,1.268,1.374,0.168,0.946,4.197,6.125,2034.318,0.148,0.392,False
HD 142373_1,HD 142373,G0V Fe+0.4,15.898,3.136,1.08,0.868,1.76,2.247,0.092,0.629,4.436,3.08,2032.951,0.535,0.343,True
HD 142373_2,HD 142373,G0V Fe+0.4,15.898,3.136,1.08,2.923,0.834,0.733,0.129,1.076,3.231,5.743,2034.301,6.259,0.392,False
HD 142373_4,HD 142373,G0V Fe+0.4,15.898,3.136,1.08,1.265,1.161,1.204,0.006,0.978,3.358,0.036,2033.856,2.536,0.499,False
HD 142373_6,HD 142373,G0V Fe+0.4,15.898,3.136,1.08,0.947,4.705,9.821,0.105,1.191,5.288,5.968,2028.401,0.923,0.356,False
HD 142373_7,HD 142373,G0V Fe+0.4,15.898,3.136,1.08,2.611,1.878,2.476,0.051,1.312,1.706,1.479,2032.914,6.816,0.324,True
HD 142373_8,HD 142373,G0V Fe+0.4,15.898,3.136,1.08,1.805,3.092,5.231,0.053,0.928,2.167,5.67,2031.07,7.326,0.374,False
HD 142860_0,HD 142860,F6V,11.254,3.039,1.25,2.385,0.405,0.231,0.081,1.424,0.348,2.493,2034.862,6.459,0.379,False
HD 142860_2,HD 142860,F6V,11.254,3.039,1.25,1.146,3.184,5.082,0.073,0.343,0.515,1.755,2033.951,0.989,0.38,False
HD 142860_3,HD 142860,F6V,11.254,3.039,1.25,1.963,0.465,0.283,0.068,0.738,1.485,5.693,2034.761,1.786,0.379,False
HD 142860_5,HD 142860,F6V,11.254,3.039,1.25,2.443,0.92,0.789,0.074,1.36,3.626,1.505,2034.981,8.017,0.428,False
HD 142860_6,HD 142860,F6V,11.254,3.039,1.25,3.102,0.627,0.444,0.092,1.123,1.995,3.533,2034.792,5.436,0.295,False
HD 143761_0,HD 143761,G0IV,17.511,1.812,0.97,0.622,2.268,3.469,0.052,1.258,4.355,1.366,2032.745,0.131,0.458,False
HD 143761_3,HD 143761,G0IV,17.511,1.812,0.97,0.834,0.463,0.32,0.017,0.475,1.213,4.58,2034.904,0.619,0.316,False
HD 143761_4,HD 143761,G0IV,17.511,1.812,0.97,0.808,1.096,1.165,0.157,1.003,3.159,4.299,2034.329,0.895,0.324,False
HD 143761_5,HD 143761,G0IV,17.511,1.812,0.97,1.155,0.834,0.773,0.096,1.105,1.68,0.268,2034.734,1.684,0.362,False
HD 143761_7,HD 143761,G0IV,17.511,1.812,0.97,2.154,2.609,4.278,0.089,1.219,2.031,1.417,2034.242,12.289,0.333,False
HD 146233_0,HD 146233,G3+V,14.137,1.094,1.02,2.679,0.356,0.211,0.047,1.101,0.301,4.751,2034.848,8.19,0.406,False
HD 146233_1,HD 146233,G3+V,14.137,1.094,1.02,2.032,0.206,0.093,0.044,1.066,1.303,3.774,2034.963,3.376,0.399,False
HD 146233_4,HD 146233,G3+V,14.137,1.094,1.02,1.433,0.539,0.392,0.141,1.191,4.389,1.071,2034.986,3.682,0.413,False
HD 147513_0,HD 147513,G1V CH-0.4(k),12.892,1.001,1.07,0.645,1.541,1.849,0.04,0.64,3.678,5.074,2034.245,0.152,0.372,True
HD 147513_1,HD 147513,G1V CH-0.4(k),12.892,1.001,1.07,0.537,1.513,1.799,0.099,0.4,4.667,0.407,2034.328,0.038,0.399,True
HD 147513_2,HD 147513,G1V CH-0.4(k),12.892,1.001,1.07,1.379,4.633,9.642,0.075,0.738,0.767,5.31,2026.168,7.403,0.334,False
HD 147513_4,HD 147513,G1V CH-0.4(k),12.892,1.001,1.07,0.74,0.196,0.084,0.111,1.311,2.87,2.253,2034.983,0.096,0.43,False
HD 147513_5,HD 147513,G1V CH-0.4(k),12.892,1.001,1.07,0.624,4.52,9.29,0.075,1.104,4.859,6.088,2028.664,0.254,0.299,False
HD 147513_6,HD 147513,G1V CH-0.4(k),12.892,1.001,1.07,1.796,1.743,2.224,0.075,0.712,1.898,3.065,2032.881,2.912,0.378,False
HD 147513_7,HD 147513,G1V CH-0.4(k),12.892,1.001,1.07,0.667,2.47,3.753,0.028,1.437,0.635,0.961,2031.543,0.174,0.265,False
HD 149661_2,HD 149661,K0V(k),9.894,0.462,0.87,1.285,2.991,5.545,0.073,0.764,5.19,3.519,2031.544,2.935,0.327,False
HD 149661_3,HD 149661,K0V(k),9.894,0.462,0.87,0.7,2.364,3.898,0.065,1.131,2.259,5.586,2034.12,0.315,0.347,False
HD 149661_5,HD 149661,K0V(k),9.894,0.462,0.87,2.936,3.155,6.008,0.051,1.216,2.407,5.395,2034.847,7.428,0.452,False
HD 155886_1,HD 155886,K1V,5.952,0.327,0.85,0.698,0.511,0.396,0.064,0.351,1.591,5.047,2034.838,0.549,0.312,True
HD 155886_2,HD 155886,K1V,5.952,0.327,0.85,1.589,0.232,0.121,0.069,1.169,4.921,1.948,2034.928,4.704,0.408,False
HD 155886_3,HD 155886,K1V,5.952,0.327,0.85,2.915,1.253,1.521,0.044,0.88,1.587,1.614,2034.643,7.774,0.419,False
HD 155886_4,HD 155886,K1V,5.952,0.327,0.85,0.94,0.305,0.183,0.028,1.103,0.005,4.564,2034.825,0.937,0.399,False
HD 155886_5,HD 155886,K1V,5.952,0.327,0.85,1.339,0.201,0.098,0.128,1.287,2.497,2.009,2034.998,2.779,0.358,False
HD 155886_6,HD 155886,K1V,5.952,0.327,0.85,0.948,0.316,0.193,0.044,0.292,1.131,2.004,2034.959,1.735,0.367,False
HD 155886_7,HD 155886,K1V,5.952,0.327,0.85,3.352,0.59,0.492,0.079,0.478,2.877,2.069,2034.745,16.163,0.362,True
HD 155886_8,HD 155886,K1V,5.952,0.327,0.85,2.635,3.879,8.285,0.087,0.383,1.765,5.048,2030.013,16.445,0.325,False
HD 155885_0,HD 155885,K1V,5.948,0.332,0.85,1.08,0.424,0.3,0.016,1.559,3.671,6.031,2034.933,0.365,0.37,False
HD 155885_1,HD 155885,K1V,5.948,0.332,0.85,2.355,0.125,0.048,0.137,1.146,5.599,3.291,2034.995,7.262,0.313,False
HD 155885_4,HD 155885,K1V,5.948,0.332,0.85,0.991,2.293,3.766,0.052,0.913,5.773,0.634,2033.711,0.685,0.429,False
HD 156026_0,HD 156026,K5V(k),5.954,0.158,0.68,3.171,3.18,6.876,0.093,1.134,4.378,4.658,2033.043,14.895,0.267,False
HD 156026_1,HD 156026,K5V(k),5.954,0.158,0.68,0.509,0.564,0.513,0.081,1.204,0.681,2.115,2034.883,0.042,0.38,True
HD 156026_2,HD 156026,K5V(k),5.954,0.158,0.68,0.607,0.423,0.334,0.044,1.203,1.904,5.897,2034.727,0.379,0.275,True
HD 156026_3,HD 156026,K5V(k),5.954,0.158,0.68,2.318,1.001,1.215,0.06,0.865,0.366,4.099,2034.74,7.224,0.393,False
HD 156026_5,HD 156026,K5V(k),5.954,0.158,0.68,2.972,1.693,2.671,0.124,0.61,4.285,3.437,2034.097,9.407,0.302,False
HD 156274 A_3,HD 156274 A,G9V,8.791,0.452,0.9,1.608,4.433,9.839,0.138,1.543,0.901,0.503,2031.587,3.519,0.393,False
HD 160691_0,HD 160691,G3V,15.604,1.899,1.0,0.67,1.46,1.764,0.051,1.032,5.9,5.106,2034.047,0.675,0.272,True
HD 160691_1,HD 160691,G3V,15.604,1.899,1.0,0.88,0.274,0.144,0.085,0.606,1.978,0.957,2034.925,0.645,0.407,False
HD 160691_2,HD 160691,G3V,15.604,1.899,1.0,0.58,0.346,0.203,0.144,1.16,4.112,6.107,2034.905,0.053,0.394,False
HD 160691_3,HD 160691,G3V,15.604,1.899,1.0,0.556,0.123,0.043,0.058,1.546,4.874,3.552,2034.964,0.091,0.349,False
HD 160691_4,HD 160691,G3V,15.604,1.899,1.0,1.777,2.415,3.754,0.073,1.436,4.175,3.136,2031.862,2.687,0.364,False
HD 160691_6,HD 160691,G3V,15.604,1.899,1.0,2.424,2.937,5.035,0.058,1.176,1.341,5.263,2032.06,6.338,0.304,False
HD 160691_7,HD 160691,G3V,15.604,1.899,1.0,2.375,3.23,5.805,0.098,1.306,3.716,1.386,2034.986,5.354,0.365,False
HD 165341 A_0,HD 165341 A,K0-V,5.113,0.532,0.88,1.359,3.482,6.927,0.036,1.324,3.249,4.427,2033.925,2.775,0.337,False
HD 165341 A_2,HD 165341 A,K0-V,5.113,0.532,0.88,2.947,0.277,0.155,0.022,1.452,5.766,1.429,2034.93,13.11,0.314,False
HD 165341 A_3,HD 165341 A,K0-V,5.113,0.532,0.88,1.615,0.642,0.548,0.027,1.466,4.059,1.094,2034.834,1.833,0.262,True
HD 165341 B_1,HD 165341 B,K4V,5.122,0.164,0.78,0.5,1.256,1.594,0.089,0.765,2.946,4.158,2034.818,0.053,0.355,False
HD 165341 B_2,HD 165341 B,K4V,5.122,0.164,0.78,1.247,4.082,9.338,0.042,1.073,2.668,3.128,2031.56,0.85,0.396,False
HD 165341 B_3,HD 165341 B,K4V,5.122,0.164,0.78,0.528,0.1,0.036,0.077,1.259,5.707,2.324,2034.977,0.124,0.43,False
HD 165341 B_4,HD 165341 B,K4V,5.122,0.164,0.78,1.137,0.76,0.75,0.117,1.387,1.134,0.211,2034.687,2.374,0.373,False
HD 165499_0,HD 165499,G0V,17.753,1.731,1.08,0.637,3.777,7.063,0.071,1.386,2.823,0.249,2034.397,0.161,0.499,False
HD 165499_1,HD 165499,G0V,17.753,1.731,1.08,0.654,0.192,0.081,0.04,1.241,1.636,4.328,2034.977,0.106,0.361,False
HD 165499_3,HD 165499,G0V,17.753,1.731,1.08,0.75,0.221,0.1,0.065,1.142,5.993,5.031,2034.919,0.229,0.341,False
HD 165499_4,HD 165499,G0V,17.753,1.731,1.08,3.377,1.569,1.89,0.062,1.449,4.896,1.766,2033.112,24.497,0.37,True
HD 185144_1,HD 185144,K0V,5.764,0.434,0.87,0.5,0.747,0.692,0.07,1.438,3.23,3.417,2034.986,0.019,0.315,True
HD 185144_3,HD 185144,K0V,5.764,0.434,0.87,2.317,0.688,0.612,0.135,1.078,5.296,3.031,2034.998,4.389,0.335,True
HD 187691 A_0,HD 187691 A,F8V,19.488,2.835,1.25,1.475,3.127,4.947,0.076,0.385,2.833,1.349,2034.112,4.454,0.368,False
HD 187691 A_1,HD 187691 A,F8V,19.488,2.835,1.25,1.018,2.61,3.771,0.091,1.212,0.711,3.619,2032.157,1.386,0.422,True
HD 187691 A_2,HD 187691 A,F8V,19.488,2.835,1.25,0.764,3.249,5.239,0.037,1.031,4.933,1.969,2032.569,1.364,0.382,False
HD 187691 A_3,HD 187691 A,F8V,19.488,2.835,1.25,2.654,2.018,2.564,0.038,1.352,1.631,3.378,2033.567,10.557,0.358,True
HD 190360_0,HD 190360,G7V,16.003,1.165,0.96,1.79,0.922,0.904,0.17,1.231,3.209,2.557,2034.514,3.759,0.361,False
HD 190360_1,HD 190360,G7V,16.003,1.165,0.96,1.071,3.764,7.452,0.081,0.331,2.34,3.707,2033.911,1.582,0.409,False
HD 190360_3,HD 190360,G7V,16.003,1.165,0.96,2.733,3.632,7.065,0.139,1.554,3.045,3.053,2032.66,10.267,0.476,False
HD 190360_4,HD 190360,G7V,16.003,1.165,0.96,0.534,1.735,2.333,0.021,0.482,0.55,4.085,2034.043,0.045,0.264,True
HD 190360_5,HD 190360,G7V,16.003,1.165,0.96,1.934,0.581,0.452,0.08,1.121,5.47,5.829,2034.713,2.88,0.464,False
HD 190248_1,HD 190248,G8IV-V,6.099,1.25,0.94,1.408,1.11,1.206,0.055,0.966,3.863,3.759,2034.311,3.629,0.358,True
HD 190248_2,HD 190248,G8IV-V,6.099,1.25,0.94,1.017,3.754,7.503,0.072,1.142,2.998,2.411,2031.926,1.24,0.424,False
HD 190248_3,HD 190248,G8IV-V,6.099,1.25,0.94,0.51,1.406,1.719,0.139,1.439,1.831,3.332,2034.372,0.568,0.371,True
HD 192310_0,HD 192310,K2+V,8.812,0.404,0.77,0.641,1.267,1.625,0.07,1.458,5.212,4.731,2033.724,0.14,0.34,False
HD 192310_1,HD 192310,K2+V,8.812,0.404,0.77,2.73,1.472,2.035,0.082,0.698,0.64,4.988,2033.978,7.674,0.353,False
HD 192310_2,HD 192310,K2+V,8.812,0.404,0.77,2.544,0.631,0.571,0.109,0.588,2.903,5.706,2034.698,13.411,0.415,True
HD 192310_3,HD 192310,K2+V,8.812,0.404,0.77,2.458,0.091,0.031,0.084,0.928,3.713,3.922,2034.971,12.572,0.369,False
HD 201091_1,HD 201091,K5V,3.497,0.142,0.68,0.699,1.051,1.307,0.108,0.392,3.281,2.896,2034.458,0.293,0.359,False
HD 201091_2,HD 201091,K5V,3.497,0.142,0.68,0.94,2.964,6.19,0.153,1.209,5.614,4.616,2029.424,0.359,0.506,False
HD 201091_4,HD 201091,K5V,3.497,0.142,0.68,3.013,2.241,4.069,0.067,1.14,1.118,4.688,2032.7,8.159,0.343,False
HD 201092_1,HD 201092,K7V,3.496,0.078,0.63,2.37,2.708,5.615,0.059,0.725,3.624,4.743,2030.09,8.514,0.376,False
HD 202560_0,HD 202560,M0V,3.97,0.083,0.59,1.59,0.846,1.014,0.075,1.283,2.227,5.6,2034.25,2.013,0.376,False
HD 202560_1,HD 202560,M0V,3.97,0.083,0.59,0.674,0.552,0.534,0.052,0.159,5.203,2.808,2034.601,0.125,0.429,False
HD 202560_3,HD 202560,M0V,3.97,0.083,0.59,1.589,0.867,1.051,0.117,0.318,4.402,5.687,2034.673,3.604,0.373,False
HD 202560_4,HD 202560,M0V,3.97,0.083,0.59,0.558,2.302,4.546,0.14,0.515,6.101,1.579,2031.5,0.251,0.392,False
HD 202560_5,HD 202560,M0V,3.97,0.083,0.59,0.847,3.244,7.607,0.082,0.642,2.165,0.473,2032.083,0.372,0.37,False
HD 202560_6,HD 202560,M0V,3.97,0.083,0.59,0.785,0.414,0.347,0.085,0.278,5.98,5.975,2034.945,0.225,0.383,True
HD 203608_0,HD 203608,F9V Fe-1.4 CH-0.7,9.258,1.466,1.14,1.79,2.203,3.063,0.092,0.652,2.025,4.52,2034.922,3.488,0.452,False
HD 203608_1,HD 203608,F9V Fe-1.4 CH-0.7,9.258,1.466,1.14,0.502,2.342,3.357,0.1,1.295,4.206,0.355,2032.971,0.104,0.449,False
HD 203608_2,HD 203608,F9V Fe-1.4 CH-0.7,9.258,1.466,1.14,1.086,2.74,4.248,0.062,1.538,4.433,2.506,2032.337,1.189,0.471,False
HD 203608_5,HD 203608,F9V Fe-1.4 CH-0.7,9.258,1.466,1.14,0.929,4.293,8.332,0.038,1.255,1.697,6.197,2032.466,0.698,0.494,False
HD 203608_6,HD 203608,F9V Fe-1.4 CH-0.7,9.258,1.466,1.14,0.985,0.526,0.357,0.072,0.848,2.731,4.955,2034.735,0.486,0.289,False
HD 209100_0,HD 209100,K4V(k),3.638,0.222,0.72,0.524,2.433,4.473,0.127,1.433,1.321,1.783,2034.56,0.078,0.367,False
HD 209100_1,HD 209100,K4V(k),3.638,0.222,0.72,0.54,1.218,1.584,0.094,0.968,6.255,5.888,2034.779,0.224,0.359,False
HD 209100_2,HD 209100,K4V(k),3.638,0.222,0.72,1.925,0.989,1.159,0.073,0.829,3.256,4.345,2034.519,7.679,0.285,False
HD 209100_4,HD 209100,K4V(k),3.638,0.222,0.72,2.632,3.542,7.857,0.022,1.028,1.385,2.314,2028.415,11.464,0.3,False
HD 209100_5,HD 209100,K4V(k),3.638,0.222,0.72,0.931,0.635,0.596,0.076,0.633,4.314,6.018,2034.675,0.965,0.353,True
HD 209100_6,HD 209100,K4V(k),3.638,0.222,0.72,0.885,1.701,2.615,0.082,1.44,6.051,5.658,2033.172,1.719,0.397,False
HD 209100_8,HD 209100,K4V(k),3.638,0.222,0.72,2.488,2.097,3.578,0.099,1.086,0.434,2.082,2034.93,10.973,0.407,False
HD 209100_9,HD 209100,K4V(k),3.638,0.222,0.72,2.297,0.782,0.815,0.071,0.725,5.195,0.77,2034.53,6.298,0.303,False
HD 209100_10,HD 209100,K4V(k),3.638,0.222,0.72,2.026,0.182,0.092,0.056,0.283,0.232,1.653,2034.938,7.17,0.452,False
HD 209100_11,HD 209100,K4V(k),3.638,0.222,0.72,1.174,0.917,1.034,0.107,0.718,0.336,3.384,2034.237,2.417,0.386,False
HD 210302_0,HD 210302,F6V,18.458,2.918,1.25,1.293,0.937,0.811,0.087,0.374,3.028,5.756,2034.436,2.482,0.364,False
HD 210302_1,HD 210302,F6V,18.458,2.918,1.25,0.672,0.316,0.159,0.034,1.229,4.926,1.081,2034.879,0.291,0.366,False
HD 210302_2,HD 210302,F6V,18.458,2.918,1.25,0.82,0.162,0.058,0.125,1.119,5.322,4.715,2034.968,0.565,0.329,False
HD 210302_3,HD 210302,F6V,18.458,2.918,1.25,2.909,0.925,0.795,0.123,1.043,2.451,0.129,2034.749,15.97,0.476,False
HD 210302_4,HD 210302,F6V,18.458,2.918,1.25,1.727,1.629,1.859,0.122,1.103,1.965,2.736,2033.252,5.061,0.428,True
HD 212330 A_0,HD 212330 A,G2IV-V,20.34,2.726,1.02,3.281,1.747,2.287,0.031,1.24,0.326,5.377,2032.923,9.208,0.36,True
HD 216803_1,HD 216803,K4Ve,7.601,0.196,0.72,2.035,3.539,7.844,0.087,0.472,4.816,2.884,2030.547,5.879,0.393,False
HD 216803_3,HD 216803,K4Ve,7.601,0.196,0.72,0.893,0.104,0.04,0.044,0.997,0.568,2.039,2034.964,0.284,0.373,False
HD 216803_4,HD 216803,K4Ve,7.601,0.196,0.72,2.631,2.738,5.339,0.038,1.565,6.12,4.757,2033.378,12.08,0.411,False
HD 216803_5,HD 216803,K4Ve,7.601,0.196,0.72,0.686,0.109,0.042,0.06,0.552,3.585,1.816,2034.967,0.431,0.31,False
HD 216803_6,HD 216803,K4Ve,7.601,0.196,0.72,1.431,0.431,0.333,0.071,0.603,3.005,5.605,2034.692,2.693,0.374,True
HD 217987_0,HD 217987,M1.0V,3.287,0.036,0.49,3.1,3.278,8.477,0.032,0.296,2.855,0.154,2033.211,17.272,0.357,False
HD 217987_1,HD 217987,M1.0V,3.287,0.036,0.49,2.049,0.104,0.048,0.158,0.739,6.021,4.747,2034.985,6.333,0.375,False
HD 219134_0,HD 219134,K3V,6.542,0.266,0.75,3.021,1.298,1.708,0.068,0.859,5.264,3.202,2033.521,11.197,0.285,False
HD 219134_1,HD 219134,K3V,6.542,0.266,0.75,0.589,0.107,0.04,0.06,0.978,3.188,5.595,2034.973,0.114,0.355,False
HD 219134_2,HD 219134,K3V,6.542,0.266,0.75,1.279,0.475,0.378,0.085,0.784,4.792,0.701,2034.718,2.244,0.402,True
HD 219134_3,HD 219134,K3V,6.542,0.266,0.75,1.913,2.999,5.998,0.067,1.132,5.057,4.6,2034.274,4.52,0.329,False
HD 219134_4,HD 219134,K3V,6.542,0.266,0.75,1.716,0.285,0.176,0.083,0.156,4.765,2.994,2034.99,4.805,0.396,False
HD 219134_5,HD 219134,K3V,6.542,0.266,0.75,1.09,1.823,2.842,0.052,0.837,3.784,0.836,2033.242,4.144,0.414,False
HD 219134_7,HD 219134,K3V,6.542,0.266,0.75,2.277,0.986,1.131,0.056,0.538,0.401,5.399,2034.35,3.449,0.523,False
HD 166_0,HD 166,G8V,13.766,0.647,0.94,1.08,1.592,2.073,0.09,1.311,5.098,2.288,2033.84,2.182,0.383,False
HD 166_1,HD 166,G8V,13.766,0.647,0.94,0.515,0.635,0.521,0.021,1.171,0.948,6.023,2034.669,0.062,0.352,True
HD 693_0,HD 693,F8V Fe-0.8 CH-0.5,18.886,2.997,1.18,1.136,1.045,0.984,0.058,1.462,0.207,5.268,2034.145,2.579,0.357,False
HD 693_1,HD 693,F8V Fe-0.8 CH-0.5,18.886,2.997,1.18,2.768,0.139,0.048,0.106,1.526,2.234,2.003,2034.995,7.407,0.375,False
HD 693_3,HD 693,F8V Fe-0.8 CH-0.5,18.886,2.997,1.18,1.975,1.448,1.604,0.069,0.896,4.171,2.851,2034.216,3.042,0.304,True
HD 693_4,HD 693,F8V Fe-0.8 CH-0.5,18.886,2.997,1.18,1.392,1.744,2.12,0.105,1.242,0.276,5.629,2033.019,2.348,0.31,True
HD 693_5,HD 693,F8V Fe-0.8 CH-0.5,18.886,2.997,1.18,1.423,2.909,4.568,0.1,1.52,6.246,1.163,2031.802,2.794,0.408,False
HD 693_6,HD 693,F8V Fe-0.8 CH-0.5,18.886,2.997,1.18,0.574,2.914,4.579,0.024,1.397,3.962,3.224,2032.602,0.316,0.441,True
HD 693_7,HD 693,F8V Fe-0.8 CH-0.5,18.886,2.997,1.18,2.298,3.93,7.172,0.01,0.941,1.813,6.241,2031.416,5.004,0.352,False
HD 1581_1,HD 1581,F9.5V,8.607,1.262,1.11,2.633,1.541,1.816,0.046,0.932,1.18,1.497,2034.82,10.663,0.289,True
HD 1581_2,HD 1581,F9.5V,8.607,1.262,1.11,0.988,0.181,0.073,0.101,1.443,5.025,4.426,2034.94,1.538,0.328,False
HD 1581_3,HD 1581,F9.5V,8.607,1.262,1.11,2.76,1.491,1.727,0.126,1.27,0.655,2.481,2034.089,10.6,0.426,True
HD 1581_4,HD 1581,F9.5V,8.607,1.262,1.11,2.378,0.208,0.09,0.109,0.722,3.521,4.295,2034.966,6.033,0.248,False
HD 3651 A_0,HD 3651 A,K0.5V,11.108,0.532,0.86,1.086,0.818,0.798,0.09,0.843,0.072,4.32,2034.321,0.195,0.417,True
HD 3651 A_3,HD 3651 A,K0.5V,11.108,0.532,0.86,3.284,0.106,0.037,0.12,1.366,2.739,6.225,2034.97,8.237,0.258,False
HD 3651 A_5,HD 3651 A,K0.5V,11.108,0.532,0.86,0.534,0.552,0.442,0.025,1.198,3.008,4.815,2034.78,0.148,0.448,False
HD 4391_0,HD 4391,G5V Fe-0.8 CH-1,15.049,0.923,0.98,1.471,0.363,0.221,0.182,1.435,2.244,0.083,2034.969,1.692,0.367,False
HD 4391_1,HD 4391,G5V Fe-0.8 CH-1,15.049,0.923,0.98,0.614,1.544,1.939,0.114,1.09,3.708,0.822,2033.684,0.159,0.318,False
HD 4391_2,HD 4391,G5V Fe-0.8 CH-1,15.049,0.923,0.98,0.863,0.361,0.219,0.058,0.838,4.843,2.6,2034.814,0.256,0.463,False
HD 4391_3,HD 4391,G5V Fe-0.8 CH-1,15.049,0.923,0.98,0.942,0.102,0.033,0.064,0.987,4.122,3.581,2034.991,1.344,0.39,False
HD 4391_4,HD 4391,G5V Fe-0.8 CH-1,15.049,0.923,0.98,2.712,0.526,0.385,0.038,1.211,3.862,4.195,2034.816,11.881,0.394,False
HD 4628_0,HD 4628,K2V,7.435,0.3,0.78,1.741,0.299,0.185,0.054,1.522,5.735,0.004,2034.914,4.304,0.497,False
HD 4628_1,HD 4628,K2V,7.435,0.3,0.78,1.273,4.258,9.948,0.031,1.216,5.729,4.712,2027.435,1.784,0.338,False
HD 4628_4,HD 4628,K2V,7.435,0.3,0.78,0.981,4.069,9.292,0.034,0.073,1.022,1.949,2030.318,0.876,0.406,False
HD 4628_5,HD 4628,K2V,7.435,0.3,0.78,0.897,3.681,7.995,0.025,1.316,3.515,0.441,2027.598,0.617,0.373,False
HD 4628_6,HD 4628,K2V,7.435,0.3,0.78,1.942,1.476,2.03,0.055,1.258,5.162,3.462,2034.883,4.324,0.356,False
HD 4614 A_0,HD 4614 A,F9V,5.01,1.252,1.14,1.358,4.718,9.597,0.051,0.752,0.577,3.54,2029.981,3.151,0.461,False
HD 4614 A_1,HD 4614 A,F9V,5.01,1.252,1.14,0.728,0.651,0.492,0.133,1.06,5.332,2.013,2034.825,0.235,0.427,False
HD 4614 A_2,HD 4614 A,F9V,5.01,1.252,1.14,1.361,2.584,3.891,0.017,0.664,4.797,0.814,2033.23,2.842,0.429,False
HD 7570_0,HD 7570,F9V Fe+0.4,15.261,2.004,1.14,1.134,3.031,4.941,0.054,1.425,2.682,2.214,2031.084,3.652,0.361,False
HD 7570_1,HD 7570,F9V Fe+0.4,15.261,2.004,1.14,0.941,0.15,0.055,0.071,1.031,0.527,2.637,2034.972,0.218,0.471,False
HD 7570_2,HD 7570,F9V Fe+0.4,15.261,2.004,1.14,1.73,1.977,2.604,0.063,1.339,1.053,5.625,2033.084,3.716,0.363,True
HD 7570_3,HD 7570,F9V Fe+0.4,15.261,2.004,1.14,1.364,3.034,4.95,0.079,0.745,3.904,5.412,2032.354,1.913,0.373,False
HD 7570_4,HD 7570,F9V Fe+0.4,15.261,2.004,1.14,0.726,0.569,0.402,0.099,0.479,0.369,2.729,2034.857,0.483,0.383,False
HD 10361_1,HD 10361,K2V,8.197,0.304,0.77,1.303,0.761,0.756,0.025,1.034,4.517,1.303,2034.519,2.715,0.358,True
HD 10361_2,HD 10361,K2V,8.197,0.304,0.77,0.785,0.985,1.114,0.066,1.153,1.176,3.376,2034.238,0.596,0.396,False
HD 10361_3,HD 10361,K2V,8.197,0.304,0.77,0.586,1.525,2.145,0.07,0.615,5.509,0.768,2034.227,0.784,0.49,False
HD 10361_4,HD 10361,K2V,8.197,0.304,0.77,0.501,4.037,9.244,0.084,1.55,1.541,4.607,2033.449,0.084,0.382,False
HD 10360_0,HD 10360,K2V,8.189,0.345,0.78,2.009,0.111,0.042,0.132,0.54,3.668,2.78,2034.975,6.936,0.325,False
HD 10360_1,HD 10360,K2V,8.189,0.345,0.78,0.525,0.559,0.473,0.036,1.289,5.641,3.116,2034.94,0.063,0.451,True
HD 10360_2,HD 10360,K2V,8.189,0.345,0.78,2.182,3.873,8.629,0.13,1.213,5.817,2.335,2034.779,7.34,0.335,False
HD 10360_4,HD 10360,K2V,8.189,0.345,0.78,3.239,0.185,0.09,0.028,1.349,1.85,3.507,2034.927,14.497,0.275,False
HD 10360_5,HD 10360,K2V,8.189,0.345,0.78,0.679,2.33,4.028,0.067,0.993,3.474,0.42,2033.098,0.17,0.306,False
HD 10476_0,HD 10476,K1V,7.644,0.454,0.85,0.738,0.171,0.077,0.07,1.131,5.867,1.31,2034.927,0.088,0.315,False
HD 10700_0,HD 10700,G8V,3.652,0.506,0.94,0.563,1.625,2.137,0.099,0.429,0.368,5.964,2034.427,0.087,0.382,False
HD 10780_0,HD 10780,G9V,10.041,0.516,0.9,1.077,0.841,0.813,0.11,0.605,1.727,3.522,2034.209,1.181,0.294,True
HD 10780_3,HD 10780,G9V,10.041,0.516,0.9,1.348,2.25,3.557,0.098,1.27,3.68,0.065,2032.215,1.367,0.328,False
HD 10780_4,HD 10780,G9V,10.041,0.516,0.9,2.513,2.669,4.596,0.102,0.533,2.946,1.824,2034.828,12.001,0.393,False
HD 17051_0,HD 17051,F9V Fe+0.3,17.357,1.737,1.14,0.8,1.593,1.884,0.055,1.35,4.047,0.577,2034.319,0.166,0.293,True
HD 17051_1,HD 17051,F9V Fe+0.3,17.357,1.737,1.14,1.035,2.146,2.944,0.107,1.167,0.87,3.827,2034.053,0.971,0.28,False
HD 17051_2,HD 17051,F9V Fe+0.3,17.357,1.737,1.14,1.302,4.311,8.385,0.108,1.134,4.5,4.554,2028.773,2.591,0.35,False
HD 16895 A_0,HD 16895 A,F7V,11.15,2.246,1.21,2.816,3.595,6.196,0.047,0.539,1.427,4.899,2031.436,7.544,0.404,False
HD 16895 A_4,HD 16895 A,F7V,11.15,2.246,1.21,1.274,4.424,8.46,0.091,1.451,2.796,1.391,2033.81,1.913,0.312,False
HD 16895 A_5,HD 16895 A,F7V,11.15,2.246,1.21,3.144,1.554,1.761,0.05,0.939,2.931,2.194,2034.703,9.969,0.33,True
HD 16895 A_6,HD 16895 A,F7V,11.15,2.246,1.21,0.508,0.108,0.032,0.029,1.466,1.477,5.878,2034.996,0.042,0.477,False
HD 17206_0,HD 17206,F7V,14.276,2.617,1.21,0.885,1.742,2.091,0.09,0.349,0.817,1.313,2033.524,1.25,0.373,True
HD 17206_1,HD 17206,F7V,14.276,2.617,1.21,2.253,0.879,0.749,0.039,1.141,1.28,3.46,2034.649,5.781,0.436,False
HD 17206_2,HD 17206,F7V,14.276,2.617,1.21,0.762,0.485,0.307,0.035,1.32,4.953,2.432,2034.741,0.888,0.398,False
HD 17925_0,HD 17925,K1.5V(k),10.361,0.401,0.82,0.676,1.472,1.973,0.037,0.517,1.251,5.017,2034.256,0.068,0.368,False
HD 17925_2,HD 17925,K1.5V(k),10.361,0.401,0.82,0.938,0.735,0.696,0.099,1.427,3.895,3.681,2034.997,0.945,0.397,True
HD 17925_3,HD 17925,K1.5V(k),10.361,0.401,0.82,1.065,0.561,0.464,0.086,1.055,4.074,5.743,2034.553,2.041,0.416,True
HD 17925_4,HD 17925,K1.5V(k),10.361,0.401,0.82,1.424,0.848,0.863,0.062,1.285,3.664,3.66,2034.864,1.901,0.354,True
HD 17925_6,HD 17925,K1.5V(k),10.361,0.401,0.82,0.719,3.618,7.6,0.076,0.779,1.325,0.409,2033.276,0.216,0.347,False
HD 19373_0,HD 19373,G0V,10.577,2.23,1.08,3.212,0.74,0.613,0.034,0.95,5.364,4.761,2034.891,9.93,0.504,False
HD 19373_2,HD 19373,G0V,10.577,2.23,1.08,1.483,0.724,0.593,0.048,0.81,5.545,4.974,2034.987,3.085,0.441,False
HD 19373_3,HD 19373,G0V,10.577,2.23,1.08,1.037,0.676,0.535,0.061,1.067,0.722,5.011,2034.981,1.075,0.454,False
HD 19373_6,HD 19373,G0V,10.577,2.23,1.08,2.433,0.114,0.037,0.04,1.039,5.831,4.084,2034.986,8.086,0.316,False
HD 19373_7,HD 19373,G0V,10.577,2.23,1.08,1.622,2.87,4.679,0.048,0.476,3.302,4.945,2033.175,2.945,0.397,False
HD 20766_0,HD 20766,G2IV,12.045,0.794,1.01,1.674,1.336,1.537,0.161,0.632,0.97,4.138,2033.914,3.092,0.302,True
HD 20766_1,HD 20766,G2IV,12.045,0.794,1.01,2.659,0.327,0.186,0.097,1.503,4.415,3.849,2034.931,6.922,0.317,False
HD 20766_4,HD 20766,G2IV,12.045,0.794,1.01,0.912,1.915,2.637,0.031,1.266,2.951,4.505,2032.811,0.441,0.361,False
HD 20807_0,HD 20807,G1V,12.039,1.017,1.07,1.793,0.337,0.189,0.072,0.839,0.455,2.182,2034.996,3.234,0.36,False
HD 20807_1,HD 20807,G1V,12.039,1.017,1.07,0.954,1.546,1.859,0.069,1.044,4.779,1.253,2033.955,0.846,0.434,True
HD 20807_2,HD 20807,G1V,12.039,1.017,1.07,2.038,2.979,4.97,0.055,1.071,2.153,5.963,2033.717,8.298,0.355,False
HD 20630_1,HD 20630,G5V,9.276,0.857,0.98,1.547,0.648,0.527,0.142,0.382,4.988,1.413,2034.632,4.726,0.374,False
HD 20630_5,HD 20630,G5V,9.276,0.857,0.98,0.621,1.387,1.65,0.083,0.412,5.668,6.236,2033.407,0.63,0.333,True
HD 20794_0,HD 20794,G6V,6.041,0.654,0.97,2.962,4.322,9.122,0.17,1.001,0.605,5.477,2028.461,5.742,0.278,False
HD 20794_1,HD 20794,G6V,6.041,0.654,0.97,1.302,2.398,3.769,0.095,1.001,3.975,2.284,2034.558,2.525,0.392,False
HD 22484_0,HD 22484,F9IV-V,13.92,3.068,1.14,1.142,0.838,0.719,0.146,1.448,1.711,4.334,2034.435,1.607,0.36,False
HD 22484_1,HD 22484,F9IV-V,13.92,3.068,1.14,1.996,1.12,1.11,0.109,1.262,1.626,2.038,2034.644,7.679,0.372,False
HD 22484_2,HD 22484,F9IV-V,13.92,3.068,1.14,1.765,0.469,0.301,0.117,1.02,1.745,3.761,2034.901,3.166,0.397,False
HD 22484_5,HD 22484,F9IV-V,13.92,3.068,1.14,0.516,4.456,8.809,0.081,0.983,5.172,2.3,2026.831,0.034,0.404,False
HD 22484_7,HD 22484,F9IV-V,13.92,3.068,1.14,0.943,3.201,5.364,0.074,0.588,0.453,3.872,2029.912,1.501,0.443,False
HD 23249_0,HD 23249,K0+IV,9.089,2.941,0.87,0.804,2.38,3.936,0.039,0.859,5.758,4.376,2033.462,0.586,0.364,True
HD 23249_1,HD 23249,K0+IV,9.089,2.941,0.87,1.487,2.348,3.856,0.031,1.536,5.184,2.777,2031.846,3.029,0.398,True
HD 26965 A_1,HD 26965 A,K0.5V,5.01,0.41,0.86,1.38,0.482,0.361,0.058,0.871,2.177,0.151,2034.899,2.403,0.423,False
HD 26965 A_2,HD 26965 A,K0.5V,5.01,0.41,0.86,0.5,0.345,0.218,0.049,0.58,1.895,1.595,2034.986,0.06,0.409,False
HD 30495_0,HD 30495,G1.5V(n),13.24,0.966,1.04,0.989,1.934,2.638,0.08,1.042,4.902,0.068,2033.729,1.288,0.385,False
HD 30495_2,HD 30495,G1.5V(n),13.24,0.966,1.04,1.179,0.416,0.263,0.06,1.455,2.035,1.515,2034.787,0.557,0.326,False
HD 30495_3,HD 30495,G1.5V(n),13.24,0.966,1.04,0.623,1.848,2.464,0.089,1.052,0.857,4.937,2034.705,0.48,0.392,False
HD 30652_0,HD 30652,F6V,8.068,2.71,1.25,0.524,0.357,0.19,0.032,1.489,1.157,5.565,2034.93,0.119,0.41,False
HD 30652_1,HD 30652,F6V,8.068,2.71,1.25,2.314,3.379,5.556,0.099,1.434,2.206,1.706,2033.715,9.159,0.439,False
HD 30652_2,HD 30652,F6V,8.068,2.71,1.25,1.563,1.418,1.511,0.081,1.029,6.087,5.432,2033.909,7.047,0.472,True
HD 30652_3,HD 30652,F6V,8.068,2.71,1.25,2.129,3.27,5.288,0.133,0.517,4.031,4.769,2033.659,5.731,0.413,False
HD 30652_4,HD 30652,F6V,8.068,2.71,1.25,2.49,2.754,4.087,0.119,0.891,2.398,0.985,2033.107,10.16,0.27,False
HD 32147_1,HD 32147,K3+V,8.844,0.29,0.75,1.044,0.121,0.048,0.122,1.135,3.572,3.547,2034.982,1.526,0.342,False
HD 32147_2,HD 32147,K3+V,8.844,0.29,0.75,1.942,3.272,6.834,0.062,0.984,3.388,2.178,2031.605,2.786,0.33,False
HD 33262 A_0,HD 33262 A,F9V Fe-0.5,11.693,1.466,1.14,0.949,4.098,7.769,0.155,1.257,0.926,0.725,2032.134,0.422,0.38,False
HD 33262 A_1,HD 33262 A,F9V Fe-0.5,11.693,1.466,1.14,1.368,3.3,5.614,0.062,1.235,0.598,4.611,2031.563,1.583,0.379,False
HD 33262 A_2,HD 33262 A,F9V Fe-0.5,11.693,1.466,1.14,0.965,3.337,5.71,0.087,0.448,2.289,3.348,2033.116,0.502,0.376,False
HD 33262 A_4,HD 33262 A,F9V Fe-0.5,11.693,1.466,1.14,2.255,1.015,0.958,0.091,1.374,0.749,4.796,2034.929,9.306,0.326,True
HD 33262 A_5,HD 33262 A,F9V Fe-0.5,11.693,1.466,1.14,1.487,0.358,0.201,0.206,1.124,0.132,2.427,2034.966,2.029,0.356,False
HD 33262 A_6,HD 33262 A,F9V Fe-0.5,11.693,1.466,1.14,0.646,0.874,0.765,0.139,1.095,3.759,0.565,2034.911,0.257,0.338,False
HD 33262 A_8,HD 33262 A,F9V Fe-0.5,11.693,1.466,1.14,2.893,0.199,0.083,0.101,1.304,0.718,5.039,2034.954,13.631,0.339,False
HD 34411_0,HD 34411,G1.5V,12.562,1.732,1.08,3.192,0.295,0.154,0.082,0.227,3.45,4.308,2034.887,8.429,0.469,False
HD 34411_1,HD 34411,G1.5V,12.562,1.732,1.08,0.897,1.539,1.837,0.078,0.991,1.934,5.609,2033.566,0.713,0.346,True
HD 34411_3,HD 34411,G1.5V,12.562,1.732,1.08,0.798,1.691,2.117,0.074,0.935,0.823,5.724,2033.081,0.808,0.463,True
HD 39091_1,HD 39091,G0V,18.287,1.533,1.08,1.191,3.12,5.303,0.028,0.718,0.294,0.624,2031.691,1.952,0.378,False
HD 39091_2,HD 39091,G0V,18.287,1.533,1.08,0.677,2.865,4.666,0.029,1.424,4.648,5.588,2034.872,0.089,0.415,False
HD 39091_3,HD 39091,G0V,18.287,1.533,1.08,1.069,3.55,6.436,0.072,0.981,4.746,4.753,2033.308,0.919,0.383,False
HD 39091_4,HD 39091,G0V,18.287,1.533,1.08,1.234,4.534,9.291,0.027,1.467,0.904,2.113,2032.844,1.811,0.348,False
HD 39091_5,HD 39091,G0V,18.287,1.533,1.08,1.31,1.437,1.658,0.051,0.35,3.597,2.474,2034.128,1.974,0.376,True
HD 39091_6,HD 39091,G0V,18.287,1.533,1.08,2.604,0.67,0.527,0.012,0.686,2.944,0.879,2034.534,6.457,0.474,False
HD 37394_0,HD 37394,K1V,12.27,0.478,0.88,0.552,1.839,2.659,0.051,1.329,4.42,4.291,2033.352,0.164,0.336,False
HD 37394_1,HD 37394,K1V,12.27,0.478,0.88,1.934,0.501,0.378,0.058,0.816,4.618,3.376,2034.747,5.969,0.255,False
HD 37394_3,HD 37394,K1V,12.27,0.478,0.88,1.502,1.245,1.481,0.044,1.52,4.57,1.984,2034.77,2.038,0.376,False
HD 37394_5,HD 37394,K1V,12.27,0.478,0.88,1.111,0.152,0.063,0.102,0.848,6.15,1.307,2034.947,1.488,0.33,False
HD 37394_9,HD 37394,K1V,12.27,0.478,0.88,0.726,0.863,0.854,0.077,0.947,1.939,2.803,2034.177,0.552,0.464,True
HD 37394_10,HD 37394,K1V,12.27,0.478,0.88,3.205,0.093,0.03,0.059,1.471,6.233,3.532,2034.972,15.21,0.33,False
HD 37394_11,HD 37394,K1V,12.27,0.478,0.88,2.415,1.171,1.35,0.065,0.319,3.263,1.575,2034.611,5.91,0.38,False
HD 37394_15,HD 37394,K1V,12.27,0.478,0.88,1.093,0.222,0.111,0.142,0.469,5.103,3.105,2034.975,0.563,0.36,False
HD 37394_16,HD 37394,K1V,12.27,0.478,0.88,2.621,2.623,4.529,0.055,1.338,4.103,3.561,2031.381,9.008,0.465,False
HD 38393_0,HD 38393,F6.5V,8.905,2.344,1.23,1.088,0.205,0.084,0.072,1.135,1.171,0.923,2034.943,1.383,0.439,False
HD 38393_1,HD 38393,F6.5V,8.905,2.344,1.23,0.656,3.39,5.627,0.099,1.076,0.78,4.922,2032.628,0.073,0.418,False
HD 38393_3,HD 38393,F6.5V,8.905,2.344,1.23,1.549,0.355,0.191,0.086,0.88,0.925,3.395,2034.992,2.098,0.465,False
HD 38393_4,HD 38393,F6.5V,8.905,2.344,1.23,1.208,4.373,8.246,0.052,1.337,4.415,5.651,2027.337,1.876,0.458,False
HD 43042_0,HD 43042,F5.5IV-V,21.776,2.936,1.29,0.558,4.095,7.295,0.078,0.812,0.211,2.971,2028.332,0.185,0.43,False
HD 43042_1,HD 43042,F5.5IV-V,21.776,2.936,1.29,0.533,0.434,0.251,0.11,1.197,1.338,2.5,2034.824,0.05,0.352,False
HD 43042_3,HD 43042,F5.5IV-V,21.776,2.936,1.29,0.733,0.724,0.542,0.14,1.133,4.777,3.01,2034.763,0.758,0.413,False
HD 43386_0,HD 43386,F5V,19.588,2.957,1.33,0.504,2.541,3.513,0.037,1.445,1.899,2.614,2033.398,0.177,0.372,True
HD 43386_1,HD 43386,F5V,19.588,2.957,1.33,1.584,1.141,1.057,0.101,1.114,1.008,1.046,2034.613,2.873,0.305,False
HD 43386_3,HD 43386,F5V,19.588,2.957,1.33,1.072,0.289,0.135,0.045,1.138,2.69,3.228,2034.928,0.429,0.452,False
HD 46588 A_0,HD 46588 A,F8V,18.202,1.826,1.18,1.375,1.961,2.527,0.092,0.245,2.945,1.064,2034.807,5.123,0.38,True
HD 46588 A_2,HD 46588 A,F8V,18.202,1.826,1.18,1.651,0.149,0.053,0.051,1.544,5.442,2.287,2034.965,3.767,0.331,False
HD 46588 A_4,HD 46588 A,F8V,18.202,1.826,1.18,1.252,0.634,0.465,0.042,1.096,1.322,5.074,2034.652,1.899,0.378,False
HD 46588 A_5,HD 46588 A,F8V,18.202,1.826,1.18,0.593,0.119,0.038,0.052,0.019,4.958,2.528,2034.969,0.101,0.391,False
HD 46588 A_6,HD 46588 A,F8V,18.202,1.826,1.18,2.121,0.647,0.479,0.045,1.154,3.815,2.641,2034.819,5.747,0.274,False
HD 46588 A_7,HD 46588 A,F8V,18.202,1.826,1.18,1.256,1.085,1.041,0.088,1.343,1.741,2.498,2034.963,5.584,0.396,False
HD 46588 A_8,HD 46588 A,F8V,18.202,1.826,1.18,0.521,2.008,2.619,0.017,0.84,0.749,4.753,2033.424,0.08,0.391,True
HD 50692_0,HD 50692,G0V,17.405,1.293,1.08,2.831,3.95,7.553,0.04,1.164,0.411,3.046,2032.825,10.297,0.368,False
HD 50692_1,HD 50692,G0V,17.405,1.293,1.08,0.734,0.28,0.143,0.064,1.093,5.882,5.235,2034.923,0.092,0.241,False
HD 50692_2,HD 50692,G0V,17.405,1.293,1.08,1.798,0.513,0.354,0.081,0.994,6.161,1.407,2034.927,3.652,0.316,False
HD 50692_3,HD 50692,G0V,17.405,1.293,1.08,2.849,0.925,0.856,0.032,1.412,2.476,5.974,2034.96,9.197,0.391,True
HD 53705_0,HD 53705,G1.5V,17.059,1.49,1.04,1.735,0.273,0.14,0.081,1.175,1.889,4.102,2034.939,2.717,0.417,False
HD 53705_1,HD 53705,G1.5V,17.059,1.49,1.04,3.306,2.604,4.12,0.083,0.445,3.257,5.722,2034.356,16.05,0.404,False
HD 53705_2,HD 53705,G1.5V,17.059,1.49,1.04,2.478,1.597,1.978,0.089,1.505,5.268,1.898,2033.575,13.971,0.45,True
HD 53705_3,HD 53705,G1.5V,17.059,1.49,1.04,1.359,0.715,0.592,0.026,0.514,5.362,1.189,2034.615,2.038,0.353,False
HD 53705_4,HD 53705,G1.5V,17.059,1.49,1.04,2.437,0.527,0.375,0.092,0.778,1.612,2.803,2034.744,10.745,0.347,False
HD 55575_0,HD 55575,F9V,16.852,1.463,1.14,0.727,1.084,1.057,0.09,1.474,5.636,3.542,2034.953,0.186,0.346,True
HD 55575_1,HD 55575,F9V,16.852,1.463,1.14,0.578,0.133,0.046,0.053,0.99,2.612,4.648,2034.982,0.677,0.402,False
HD 58855_0,HD 58855,F6V,20.402,2.445,1.16,2.746,3.917,7.197,0.055,1.177,4.93,3.124,2032.373,11.124,0.381,False
HD 58855_3,HD 58855,F6V,20.402,2.445,1.16,0.846,0.12,0.039,0.023,0.839,1.923,2.54,2034.968,0.314,0.275,False
HD 58855_4,HD 58855,F6V,20.402,2.445,1.16,0.53,1.787,2.217,0.062,1.568,3.289,5.603,2033.443,0.101,0.338,True
HD 58855_5,HD 58855,F6V,20.402,2.445,1.16,0.74,2.753,4.241,0.078,1.154,3.718,5.466,2032.432,0.361,0.328,False
HD 58855_6,HD 58855,F6V,20.402,2.445,1.16,0.67,3.408,5.842,0.008,0.824,0.317,5.729,2030.853,0.197,0.307,False
HD 58855_7,HD 58855,F6V,20.402,2.445,1.16,1.169,0.511,0.339,0.017,1.374,0.324,3.964,2034.749,2.72,0.404,False
HD 58855_8,HD 58855,F6V,20.402,2.445,1.16,1.665,3.679,6.551,0.02,1.189,1.092,1.483,2030.475,3.725,0.235,False
HD 65907 A_0,HD 65907 A,F9.5V,16.172,1.29,1.11,0.585,0.584,0.424,0.099,1.141,1.686,6.115,2034.686,0.122,0.386,False
HD 65907 A_1,HD 65907 A,F9.5V,16.172,1.29,1.11,0.982,1.316,1.433,0.075,1.277,1.934,6.059,2034.317,3.131,0.365,True
HD 65907 A_2,HD 65907 A,F9.5V,16.172,1.29,1.11,1.202,1.009,0.962,0.058,0.366,1.7,0.665,2034.148,5.136,0.358,True
