PlanetID,HDName,Spec,d_pc,L_sol,M_sol,Rp_Rearth,sma_AU,P_yr,ecc,inc_rad,aop_rad,pan_rad,epp_yr,Mp_Mearth,albedo,HZ
HD 72905_0,HD 72905,G0.5V Fe-0.5,14.439,0.973,1.080,1.524,6.406,15.602,0.049,1.226,3.442,5.543,2026.473,3.469,0.311,False
HD 72905_1,HD 72905,G0.5V Fe-0.5,14.439,0.973,1.080,0.500,0.661,0.517,0.069,1.282,4.023,2.705,2034.546,0.040,0.333,False
HD 72905_2,HD 72905,G0.5V Fe-0.5,14.439,0.973,1.080,0.546,5.491,12.382,0.070,0.262,1.488,4.935,2034.084,0.186,0.319,False
HD 72905_3,HD 72905,G0.5V Fe-0.5,14.439,0.973,1.080,2.776,0.899,0.821,0.099,0.884,2.452,1.273,2034.327,14.209,0.114,True
HD 72905_4,HD 72905,G0.5V Fe-0.5,14.439,0.973,1.080,1.407,0.923,0.853,0.214,1.253,0.461,2.101,2034.960,1.358,0.328,False
HD 72905_5,HD 72905,G0.5V Fe-0.5,14.439,0.973,1.080,0.525,3.175,5.443,0.086,1.409,4.663,3.650,2034.496,0.039,0.315,False
HD 82885 A_0,HD 82885 A,G9-IV-V Hdel1,11.235,0.784,0.940,1.939,7.005,19.121,0.070,0.848,2.776,0.847,2030.890,5.264,0.273,False
HD 84117_0,HD 84117,F9V,14.951,1.977,1.140,0.935,10.178,30.412,0.046,1.471,4.982,1.881,2005.530,0.614,0.402,False
HD 84117_1,HD 84117,F9V,14.951,1.977,1.140,1.488,9.755,28.536,0.033,1.113,2.765,4.904,2014.378,2.961,0.389,False
HD 84117_2,HD 84117,F9V,14.951,1.977,1.140,0.807,0.480,0.311,0.183,1.188,0.701,5.616,2034.814,0.250,0.296,False
HD 84117_3,HD 84117,F9V,14.951,1.977,1.140,0.583,2.469,3.634,0.127,1.299,6.107,6.006,2032.523,0.258,0.285,False
HD 84117_4,HD 84117,F9V,14.951,1.977,1.140,1.188,6.680,16.171,0.022,1.469,6.218,5.652,2034.821,3.084,0.632,False
HD 84117_5,HD 84117,F9V,14.951,1.977,1.140,0.605,2.421,3.528,0.095,0.549,3.805,4.425,2033.240,0.168,0.262,False
HD 84117_6,HD 84117,F9V,14.951,1.977,1.140,2.023,6.437,15.297,0.099,1.211,3.833,4.766,2022.170,8.087,0.106,False
HD 84737_0,HD 84737,G0(V),18.823,2.795,1.080,1.352,0.596,0.443,0.087,1.329,0.385,3.844,2034.745,2.893,0.192,False
HD 84737_1,HD 84737,G0(V),18.823,2.795,1.080,1.189,3.025,5.063,0.071,1.553,2.730,2.629,2030.271,0.998,0.248,False
HD 84737_2,HD 84737,G0(V),18.823,2.795,1.080,1.079,1.078,1.077,0.014,1.121,0.013,5.277,2034.155,1.647,0.238,False
HD 84737_3,HD 84737,G0(V),18.823,2.795,1.080,0.833,3.774,7.054,0.025,1.205,2.801,0.387,2034.611,0.260,0.256,False
HD 84737_4,HD 84737,G0(V),18.823,2.795,1.080,3.133,0.254,0.123,0.074,0.798,1.115,4.930,2034.919,17.683,0.085,False
HD 84737_5,HD 84737,G0(V),18.823,2.795,1.080,0.508,2.993,4.982,0.205,0.596,4.512,5.968,2033.785,0.083,0.296,False
HD 86728 A_0,HD 86728 A,G4IV,14.926,1.378,1.000,0.530,0.138,0.051,0.113,1.553,4.689,1.709,2034.960,0.088,0.317,False
HD 86728 A_1,HD 86728 A,G4IV,14.926,1.378,1.000,0.519,1.194,1.305,0.049,0.884,1.973,0.938,2034.508,0.058,0.303,True
HD 86728 A_2,HD 86728 A,G4IV,14.926,1.378,1.000,0.736,1.586,1.998,0.024,0.633,6.240,4.690,2033.463,0.754,0.262,True
HD 86728 A_3,HD 86728 A,G4IV,14.926,1.378,1.000,0.971,0.340,0.198,0.077,0.642,1.746,0.744,2034.987,0.786,0.345,False
HD 86728 A_4,HD 86728 A,G4IV,14.926,1.378,1.000,2.985,3.143,5.572,0.150,1.043,2.118,0.847,2029.649,10.229,0.169,False
HD 86728 A_5,HD 86728 A,G4IV,14.926,1.378,1.000,1.155,0.238,0.116,0.132,1.360,3.136,0.025,2034.938,1.277,0.337,False
HD 86728 A_6,HD 86728 A,G4IV,14.926,1.378,1.000,2.462,2.840,4.785,0.137,0.991,0.499,2.361,2034.391,9.724,0.108,False
HD 86728 A_7,HD 86728 A,G4IV,14.926,1.378,1.000,0.725,6.214,15.490,0.103,1.403,3.527,1.371,2032.322,0.395,0.292,False
HD 88230_0,HD 88230,K7V,4.871,0.103,0.630,1.413,1.858,3.191,0.024,0.811,0.426,3.970,2034.604,3.099,0.441,False
HD 88230_1,HD 88230,K7V,4.871,0.103,0.630,2.613,0.369,0.283,0.102,1.189,1.417,2.610,2034.842,10.567,0.183,True
HD 88230_2,HD 88230,K7V,4.871,0.103,0.630,0.511,0.941,1.150,0.058,1.275,3.724,4.381,2034.470,0.385,0.267,False
HD 88230_3,HD 88230,K7V,4.871,0.103,0.630,1.541,1.397,2.081,0.055,0.769,4.473,2.155,2033.891,2.774,0.284,False
HD 88230_4,HD 88230,K7V,4.871,0.103,0.630,0.831,0.683,0.711,0.120,1.332,1.222,3.190,2034.664,0.351,0.327,False
HD 88230_5,HD 88230,K7V,4.871,0.103,0.630,1.594,2.552,5.137,0.090,0.750,4.725,5.484,2031.888,2.577,0.050,False
HD 88230_6,HD 88230,K7V,4.871,0.103,0.630,0.661,2.842,6.038,0.103,1.017,2.350,4.218,2033.307,0.337,0.309,False
HD 90839_0,HD 90839,F8V,12.945,1.605,1.180,0.781,3.665,6.459,0.022,1.423,3.360,1.025,2034.289,0.874,0.228,False
HD 90839_1,HD 90839,F8V,12.945,1.605,1.180,1.403,0.191,0.077,0.094,0.774,0.138,2.679,2034.935,2.547,0.109,False
HD 90839_2,HD 90839,F8V,12.945,1.605,1.180,1.125,3.378,5.715,0.112,0.999,0.323,5.360,2033.911,0.830,0.297,False
HD 90839_3,HD 90839,F8V,12.945,1.605,1.180,1.361,4.978,10.224,0.186,1.327,5.737,1.306,2030.916,1.876,0.313,False
HD 90839_4,HD 90839,F8V,12.945,1.605,1.180,1.871,9.456,26.769,0.140,0.209,4.719,3.535,2008.815,5.874,0.179,False
HD 90839_5,HD 90839,F8V,12.945,1.605,1.180,2.273,0.150,0.054,0.051,0.905,6.064,0.301,2034.996,8.926,0.212,False
HD 95128_0,HD 95128,G1.5IV-V Fe-1,13.887,1.577,1.070,1.110,8.780,25.150,0.069,0.336,0.966,3.824,2019.310,2.056,0.196,False
HD 95128_1,HD 95128,G1.5IV-V Fe-1,13.887,1.577,1.070,0.586,2.285,3.339,0.074,1.178,0.782,1.131,2033.964,0.090,0.255,False
HD 95128_2,HD 95128,G1.5IV-V Fe-1,13.887,1.577,1.070,0.538,4.586,9.494,0.035,1.285,1.809,4.922,2031.840,0.124,0.309,False
HD 95128_3,HD 95128,G1.5IV-V Fe-1,13.887,1.577,1.070,2.771,0.343,0.194,0.031,0.974,2.157,0.395,2034.991,10.652,0.150,False
HD 95128_4,HD 95128,G1.5IV-V Fe-1,13.887,1.577,1.070,1.218,2.150,3.049,0.173,1.301,0.349,4.980,2033.452,2.292,0.086,False
HD 95128_5,HD 95128,G1.5IV-V Fe-1,13.887,1.577,1.070,2.299,0.600,0.449,0.105,0.496,5.029,0.359,2034.781,9.543,0.210,False
HD 95128_6,HD 95128,G1.5IV-V Fe-1,13.887,1.577,1.070,2.419,0.335,0.188,0.024,0.659,0.470,1.192,2034.965,8.440,0.377,False
HD 95128_7,HD 95128,G1.5IV-V Fe-1,13.887,1.577,1.070,1.394,0.847,0.754,0.089,0.714,5.981,0.087,2034.499,3.307,0.202,False
HD 95128_8,HD 95128,G1.5IV-V Fe-1,13.887,1.577,1.070,2.182,0.588,0.436,0.034,0.849,0.263,3.068,2034.934,6.517,0.171,False
HD 95735_0,HD 95735,M2V,2.546,0.020,0.440,0.901,0.673,0.833,0.041,1.211,1.101,6.223,2034.858,0.817,0.227,False
HD 95735_1,HD 95735,M2V,2.546,0.020,0.440,1.675,6.311,23.900,0.094,1.163,5.203,0.149,2011.461,4.684,0.128,False
HD 95735_2,HD 95735,M2V,2.546,0.020,0.440,0.638,0.392,0.370,0.078,1.424,3.528,3.144,2034.916,0.071,0.367,False
HD 95735_3,HD 95735,M2V,2.546,0.020,0.440,0.847,0.164,0.100,0.146,0.462,1.330,0.229,2034.907,0.430,0.362,True
HD 95735_4,HD 95735,M2V,2.546,0.020,0.440,1.454,2.481,5.892,0.023,1.440,4.415,4.069,2031.119,2.418,0.300,False
HD 95735_5,HD 95735,M2V,2.546,0.020,0.440,0.959,3.904,11.631,0.037,1.124,1.843,0.778,2028.243,0.538,0.287,False
HD 95735_6,HD 95735,M2V,2.546,0.020,0.440,1.008,0.163,0.099,0.047,1.306,1.150,0.352,2034.941,0.827,0.318,True
HD 95735_7,HD 95735,M2V,2.546,0.020,0.440,1.989,5.448,19.171,0.095,0.957,0.789,5.802,2023.947,8.878,0.279,False
HD 100623 A_0,HD 100623 A,K0-V,9.559,0.370,0.880,2.503,4.014,8.573,0.105,1.323,5.091,2.778,2029.638,6.200,0.219,False
HD 100623 A_1,HD 100623 A,K0-V,9.559,0.370,0.880,2.007,5.968,15.541,0.120,0.871,2.340,2.724,2030.518,7.535,0.196,False
HD 100623 A_2,HD 100623 A,K0-V,9.559,0.370,0.880,0.559,0.102,0.035,0.086,0.613,4.956,3.357,2034.968,0.038,0.180,False
HD 100623 A_3,HD 100623 A,K0-V,9.559,0.370,0.880,1.441,4.384,9.784,0.075,1.334,4.738,3.920,2030.998,2.489,0.030,False
HD 100623 A_4,HD 100623 A,K0-V,9.559,0.370,0.880,0.660,2.524,4.276,0.072,0.567,2.820,5.351,2034.325,0.245,0.242,False
HD 100623 A_5,HD 100623 A,K0-V,9.559,0.370,0.880,0.734,4.180,9.110,0.038,0.777,1.798,1.237,2028.089,0.481,0.285,False
HD 100623 A_6,HD 100623 A,K0-V,9.559,0.370,0.880,0.555,0.362,0.232,0.165,1.317,1.707,2.071,2034.980,0.193,0.246,False
HD 100623 A_7,HD 100623 A,K0-V,9.559,0.370,0.880,1.365,4.073,8.763,0.068,1.395,5.659,5.580,2026.819,3.300,0.124,False
HD 100623 A_8,HD 100623 A,K0-V,9.559,0.370,0.880,0.904,5.961,15.515,0.063,0.860,4.537,0.505,2023.308,0.532,0.336,False
HD 100623 A_9,HD 100623 A,K0-V,9.559,0.370,0.880,3.179,5.715,14.563,0.070,1.190,0.376,3.822,2023.040,11.455,0.113,False
HD 101501_0,HD 101501,G8V,9.576,0.609,0.940,0.545,5.512,13.348,0.090,1.354,2.504,3.502,2027.807,0.200,0.400,False
HD 101501_1,HD 101501,G8V,9.576,0.609,0.940,3.036,6.339,16.461,0.037,1.445,2.036,1.353,2029.943,11.481,0.082,False
HD 101501_2,HD 101501,G8V,9.576,0.609,0.940,2.140,8.523,25.665,0.011,0.144,4.369,5.040,2025.801,3.943,0.114,False
HD 101501_3,HD 101501,G8V,9.576,0.609,0.940,1.262,0.112,0.039,0.069,1.095,6.265,3.976,2034.989,1.452,0.241,False
HD 101501_4,HD 101501,G8V,9.576,0.609,0.940,0.552,5.499,13.299,0.070,1.090,0.830,2.986,2028.336,0.061,0.258,False
HD 101501_5,HD 101501,G8V,9.576,0.609,0.940,0.716,4.615,10.226,0.016,1.284,6.268,5.226,2030.155,0.414,0.312,False
HD 101501_6,HD 101501,G8V,9.576,0.609,0.940,2.289,8.892,27.347,0.016,1.402,0.741,2.898,2010.402,7.355,0.138,False
HD 101501_7,HD 101501,G8V,9.576,0.609,0.940,0.887,0.888,0.864,0.054,1.486,2.335,1.806,2034.679,1.019,0.381,True
HD 102365_0,HD 102365,G2V,9.319,0.844,1.020,2.235,1.154,1.227,0.024,0.501,3.826,0.031,2033.840,5.761,0.058,True
HD 102365_1,HD 102365,G2V,9.319,0.844,1.020,1.113,4.021,7.983,0.031,0.814,1.173,2.336,2031.087,1.591,0.239,False
HD 102365_2,HD 102365,G2V,9.319,0.844,1.020,0.976,0.113,0.038,0.031,1.053,4.464,2.533,2034.989,1.372,0.312,False
HD 109358_0,HD 109358,G0V,8.473,1.151,1.080,0.661,0.599,0.446,0.064,0.290,2.477,3.712,2034.799,0.178,0.391,False
HD 109358_1,HD 109358,G0V,8.473,1.151,1.080,1.946,0.313,0.168,0.024,1.210,4.325,0.282,2034.868,5.940,0.045,False
HD 109358_2,HD 109358,G0V,8.473,1.151,1.080,0.727,7.664,20.416,0.008,0.507,0.583,1.453,2023.525,0.196,0.217,False
HD 109358_3,HD 109358,G0V,8.473,1.151,1.080,1.409,0.172,0.069,0.066,1.097,1.645,3.197,2034.993,2.357,0.185,False
HD 109358_4,HD 109358,G0V,8.473,1.151,1.080,0.580,1.488,1.747,0.078,0.690,5.965,4.661,2034.817,0.106,0.236,True
HD 109358_5,HD 109358,G0V,8.473,1.151,1.080,3.285,3.968,7.605,0.050,1.269,5.648,3.835,2029.653,9.490,0.059,False
HD 109358_6,HD 109358,G0V,8.473,1.151,1.080,0.742,5.564,12.629,0.072,1.404,0.740,5.220,2034.831,0.467,0.279,False
HD 114710_0,HD 114710,F9.5V,9.197,1.357,1.110,0.681,1.415,1.598,0.117,0.966,5.200,2.104,2034.116,0.177,0.274,True
HD 114710_1,HD 114710,F9.5V,9.197,1.357,1.110,0.630,0.314,0.167,0.116,1.340,1.521,1.949,2034.919,0.187,0.341,False
HD 114710_2,HD 114710,F9.5V,9.197,1.357,1.110,0.683,2.258,3.220,0.018,1.336,3.838,6.118,2031.902,0.345,0.312,False
HD 114710_3,HD 114710,F9.5V,9.197,1.357,1.110,3.219,9.549,28.009,0.093,0.924,5.914,0.642,2033.172,16.074,0.182,False
HD 114710_4,HD 114710,F9.5V,9.197,1.357,1.110,0.898,0.861,0.759,0.053,0.723,0.017,0.699,2034.300,1.046,0.211,False
HD 114710_5,HD 114710,F9.5V,9.197,1.357,1.110,3.108,0.124,0.042,0.109,1.273,0.519,5.146,2034.987,12.420,0.133,False
HD 115617_0,HD 115617,G6.5V,8.534,0.825,0.970,0.732,1.956,2.778,0.004,0.383,5.972,1.706,2033.385,0.237,0.326,False
HD 115617_1,HD 115617,G6.5V,8.534,0.825,0.970,2.931,0.760,0.672,0.090,1.424,0.866,0.441,2034.918,11.127,0.197,True
HD 115617_2,HD 115617,G6.5V,8.534,0.825,0.970,0.562,0.621,0.496,0.047,1.407,5.632,5.786,2034.724,0.038,0.271,False
HD 115617_3,HD 115617,G6.5V,8.534,0.825,0.970,3.380,0.199,0.090,0.073,0.937,4.519,1.911,2034.972,9.207,0.134,False
HD 115617_4,HD 115617,G6.5V,8.534,0.825,0.970,0.763,2.599,4.254,0.104,1.539,4.349,3.519,2033.532,0.148,0.364,False
HD 115617_5,HD 115617,G6.5V,8.534,0.825,0.970,1.487,2.098,3.086,0.045,0.738,2.175,5.256,2032.262,2.107,0.213,False
HD 115617_6,HD 115617,G6.5V,8.534,0.825,0.970,0.942,3.003,5.283,0.084,1.116,2.634,0.250,2033.585,1.034,0.269,False
HD 115617_7,HD 115617,G6.5V,8.534,0.825,0.970,0.558,8.775,26.391,0.080,0.840,2.150,4.245,2015.658,0.064,0.268,False
HD 128167_0,HD 128167,F4VkF2mF1,15.756,3.182,1.390,1.150,1.283,1.233,0.140,1.294,3.007,6.278,2033.808,1.235,0.327,False
HD 128167_1,HD 128167,F4VkF2mF1,15.756,3.182,1.390,1.625,9.300,24.056,0.084,0.109,4.084,3.373,2010.989,5.555,0.076,False
HD 128167_2,HD 128167,F4VkF2mF1,15.756,3.182,1.390,1.328,3.433,5.396,0.063,0.968,4.965,4.893,2034.453,2.101,0.077,False
HD 128167_3,HD 128167,F4VkF2mF1,15.756,3.182,1.390,2.132,4.878,9.139,0.117,1.075,2.831,1.656,2029.783,7.845,0.128,False
HD 128167_4,HD 128167,F4VkF2mF1,15.756,3.182,1.390,1.923,1.323,1.291,0.044,1.113,1.308,3.762,2034.464,3.589,0.414,False
HD 128621_0,HD 128621,K1V,1.332,0.503,0.940,0.591,0.181,0.079,0.076,1.073,4.877,1.028,2034.929,0.128,0.338,False
HD 128621_1,HD 128621,K1V,1.332,0.503,0.940,0.756,3.969,8.154,0.152,0.659,4.967,2.862,2033.787,0.185,0.322,False
HD 128621_2,HD 128621,K1V,1.332,0.503,0.940,0.782,6.598,17.482,0.010,1.053,0.208,0.330,2022.359,0.319,0.216,False
HD 128621_3,HD 128621,K1V,1.332,0.503,0.940,0.667,4.377,9.446,0.084,1.269,1.827,4.797,2031.553,0.407,0.327,False
HD 128621_4,HD 128621,K1V,1.332,0.503,0.940,1.179,1.135,1.246,0.055,0.626,1.017,4.607,2034.654,0.532,0.248,True
HD 128620_0,HD 128620,G2V,1.332,1.521,1.110,0.945,1.567,1.862,0.074,1.526,4.816,1.436,2034.957,1.071,0.312,True
HD 128620_1,HD 128620,G2V,1.332,1.521,1.110,1.198,1.266,1.352,0.016,0.855,5.278,5.438,2034.618,2.188,0.018,True
HD 128620_2,HD 128620,G2V,1.332,1.521,1.110,1.322,10.074,30.349,0.133,0.812,0.725,2.884,2031.776,1.918,0.229,False
HD 131156 A_0,HD 131156 A,G8-V,6.754,0.553,0.960,2.426,0.922,0.904,0.010,0.048,2.168,3.364,2034.397,4.769,0.369,True
HD 131156 A_1,HD 131156 A,G8-V,6.754,0.553,0.960,1.932,1.097,1.173,0.147,1.009,5.575,0.219,2034.760,5.127,0.091,True
HD 131156 A_2,HD 131156 A,G8-V,6.754,0.553,0.960,1.292,7.279,20.044,0.009,1.026,0.162,2.463,2026.897,1.874,0.322,False
HD 131977_0,HD 131977,K4V,5.886,0.223,0.720,1.305,2.114,3.621,0.033,0.618,0.269,0.235,2034.314,2.487,0.356,False
HD 131977_1,HD 131977,K4V,5.886,0.223,0.720,1.619,7.721,25.283,0.074,1.295,4.769,1.007,2034.150,3.547,0.323,False
HD 134083_0,HD 134083,F5V,19.536,3.255,1.330,1.900,0.116,0.034,0.070,1.340,2.973,0.089,2034.983,8.412,0.167,False
HD 134083_1,HD 134083,F5V,19.536,3.255,1.330,1.358,0.360,0.187,0.097,0.917,5.506,4.521,2034.968,2.287,0.062,False
HD 134083_2,HD 134083,F5V,19.536,3.255,1.330,1.853,8.001,19.626,0.002,1.182,0.912,1.926,2026.712,3.232,0.052,False
HD 134083_3,HD 134083,F5V,19.536,3.255,1.330,0.881,0.749,0.562,0.130,1.021,2.484,2.205,2034.748,0.699,0.260,False
HD 134083_4,HD 134083,F5V,19.536,3.255,1.330,0.591,0.959,0.814,0.114,0.726,1.661,1.043,2034.544,0.172,0.236,False
HD 136352_0,HD 136352,G2.5V Hdel1,14.739,1.029,1.020,0.501,1.127,1.185,0.083,0.705,5.806,5.837,2034.523,0.209,0.336,True
HD 136352_1,HD 136352,G2.5V Hdel1,14.739,1.029,1.020,0.956,8.717,25.485,0.070,1.072,2.338,2.831,2011.503,1.473,0.312,False
HD 136352_2,HD 136352,G2.5V Hdel1,14.739,1.029,1.020,1.549,0.995,0.983,0.082,1.476,1.185,1.713,2034.162,3.648,0.201,True
HD 136352_3,HD 136352,G2.5V Hdel1,14.739,1.029,1.020,2.041,3.774,7.258,0.069,0.454,2.318,2.655,2029.817,9.243,0.160,False
HD 136352_4,HD 136352,G2.5V Hdel1,14.739,1.029,1.020,0.826,1.831,2.453,0.068,0.571,1.909,1.793,2033.641,0.215,0.269,False
HD 136352_5,HD 136352,G2.5V Hdel1,14.739,1.029,1.020,1.226,5.889,14.149,0.071,1.425,2.179,0.478,2022.575,1.297,0.373,False
HD 136352_6,HD 136352,G2.5V Hdel1,14.739,1.029,1.020,1.624,4.743,10.227,0.118,1.003,4.341,2.188,2033.503,2.572,0.048,False
HD 140538 A_0,HD 140538 A,G5V,14.793,0.834,0.940,0.685,2.088,3.113,0.047,1.364,5.559,4.168,2033.982,0.191,0.278,False
HD 140538 A_1,HD 140538 A,G5V,14.793,0.834,0.940,2.798,0.512,0.378,0.053,1.291,0.094,3.699,2034.897,6.483,0.168,False
HD 140538 A_2,HD 140538 A,G5V,14.793,0.834,0.940,0.916,4.137,8.679,0.053,1.227,1.810,6.273,2028.338,1.100,0.302,False
HD 141004_0,HD 141004,G0-V(k),11.916,2.004,1.090,2.901,2.629,4.082,0.092,1.551,3.803,2.054,2031.582,10.378,0.059,False
HD 141004_1,HD 141004,G0-V(k),11.916,2.004,1.090,0.654,0.651,0.503,0.071,1.543,4.397,3.868,2034.922,0.077,0.313,False
HD 141004_2,HD 141004,G0-V(k),11.916,2.004,1.090,1.019,4.426,8.919,0.098,1.016,3.857,5.289,2027.459,0.515,0.269,False
HD 141004_3,HD 141004,G0-V(k),11.916,2.004,1.090,0.578,4.115,7.996,0.060,0.897,1.314,1.297,2029.803,0.169,0.324,False
HD 141004_4,HD 141004,G0-V(k),11.916,2.004,1.090,1.732,3.163,5.389,0.091,0.395,5.057,2.667,2032.999,5.377,0.109,False
HD 141004_5,HD 141004,G0-V(k),11.916,2.004,1.090,0.546,4.949,10.546,0.170,0.644,2.463,1.383,2027.360,0.441,0.273,False
HD 142373_0,HD 142373,G0V Fe+0.4,15.898,3.136,1.080,0.757,1.268,1.374,0.168,0.946,4.197,6.125,2034.318,2.682,0.223,False
HD 142373_1,HD 142373,G0V Fe+0.4,15.898,3.136,1.080,0.868,1.760,2.247,0.092,0.629,4.436,3.080,2032.951,0.779,0.279,True
HD 142373_2,HD 142373,G0V Fe+0.4,15.898,3.136,1.080,2.923,0.834,0.733,0.129,1.076,3.231,5.743,2034.301,8.082,0.043,False
HD 142373_3,HD 142373,G0V Fe+0.4,15.898,3.136,1.080,1.971,8.853,25.349,0.130,1.409,5.250,5.529,2013.627,2.491,0.091,False
HD 142373_4,HD 142373,G0V Fe+0.4,15.898,3.136,1.080,1.265,1.161,1.204,0.006,0.978,3.358,0.036,2033.856,2.366,0.148,False
HD 142373_5,HD 142373,G0V Fe+0.4,15.898,3.136,1.080,0.807,5.597,12.742,0.041,0.786,5.670,0.445,2028.196,0.257,0.368,False
HD 142373_6,HD 142373,G0V Fe+0.4,15.898,3.136,1.080,0.947,4.705,9.821,0.105,1.191,5.288,5.968,2028.401,0.600,0.248,False
HD 142373_7,HD 142373,G0V Fe+0.4,15.898,3.136,1.080,2.611,1.878,2.476,0.051,1.312,1.706,1.479,2032.914,7.359,0.288,True
HD 142373_8,HD 142373,G0V Fe+0.4,15.898,3.136,1.080,1.805,3.092,5.231,0.053,0.928,2.167,5.670,2031.070,4.162,0.199,False
HD 142860_0,HD 142860,F6V,11.254,3.039,1.250,2.385,0.405,0.231,0.081,1.424,0.348,2.493,2034.862,10.978,0.076,False
HD 142860_1,HD 142860,F6V,11.254,3.039,1.250,0.797,7.092,16.892,0.103,0.412,5.749,3.662,2025.120,0.480,0.179,False
HD 142860_2,HD 142860,F6V,11.254,3.039,1.250,1.146,3.184,5.082,0.073,0.343,0.515,1.755,2033.951,1.419,0.381,False
HD 142860_3,HD 142860,F6V,11.254,3.039,1.250,1.963,0.465,0.283,0.068,0.738,1.485,5.693,2034.761,3.609,0.160,False
HD 142860_4,HD 142860,F6V,11.254,3.039,1.250,1.153,8.103,20.630,0.031,0.319,3.493,1.701,2023.044,0.509,0.427,False
HD 142860_5,HD 142860,F6V,11.254,3.039,1.250,2.443,0.920,0.789,0.074,1.360,3.626,1.505,2034.981,6.736,0.209,False
HD 142860_6,HD 142860,F6V,11.254,3.039,1.250,3.102,0.627,0.444,0.092,1.123,1.995,3.533,2034.792,12.565,0.082,False
HD 142860_7,HD 142860,F6V,11.254,3.039,1.250,0.935,9.483,26.117,0.032,1.048,4.629,0.983,2031.720,2.590,0.166,False
HD 143761_0,HD 143761,G0IV,17.511,1.812,0.970,0.622,2.268,3.469,0.052,1.258,4.355,1.366,2032.745,0.194,0.280,False
HD 143761_1,HD 143761,G0IV,17.511,1.812,0.970,0.578,6.510,16.867,0.113,1.455,3.791,4.226,2022.598,0.269,0.203,False
HD 143761_2,HD 143761,G0IV,17.511,1.812,0.970,0.650,7.826,22.231,0.095,0.950,4.974,2.107,2016.766,0.147,0.284,False
HD 143761_3,HD 143761,G0IV,17.511,1.812,0.970,0.834,0.463,0.320,0.017,0.475,1.213,4.580,2034.904,0.224,0.286,False
HD 143761_4,HD 143761,G0IV,17.511,1.812,0.970,0.808,1.096,1.165,0.157,1.003,3.159,4.299,2034.329,0.232,0.291,False
HD 143761_5,HD 143761,G0IV,17.511,1.812,0.970,1.155,0.834,0.773,0.096,1.105,1.680,0.268,2034.734,0.987,0.244,False
HD 143761_6,HD 143761,G0IV,17.511,1.812,0.970,0.911,5.665,13.692,0.019,0.917,2.794,2.459,2034.774,3.027,0.325,False
HD 143761_7,HD 143761,G0IV,17.511,1.812,0.970,2.154,2.609,4.278,0.089,1.219,2.031,1.417,2034.242,4.673,0.100,False
HD 146233_0,HD 146233,G3+V,14.137,1.094,1.020,2.679,0.356,0.211,0.047,1.101,0.301,4.751,2034.848,12.782,0.337,False
HD 146233_1,HD 146233,G3+V,14.137,1.094,1.020,2.032,0.206,0.093,0.044,1.066,1.303,3.774,2034.963,4.046,0.368,False
HD 146233_2,HD 146233,G3+V,14.137,1.094,1.020,0.957,8.833,25.992,0.014,0.445,1.136,2.936,2009.364,1.580,0.329,False
HD 146233_3,HD 146233,G3+V,14.137,1.094,1.020,1.947,7.242,19.295,0.151,0.998,1.579,3.286,2029.809,5.800,0.098,False
HD 146233_4,HD 146233,G3+V,14.137,1.094,1.020,1.433,0.539,0.392,0.141,1.191,4.389,1.071,2034.986,2.618,0.101,False
HD 147513_0,HD 147513,G1V CH-0.4(k),12.892,1.001,1.070,0.645,1.541,1.849,0.040,0.640,3.678,5.074,2034.245,0.196,0.326,True
HD 147513_1,HD 147513,G1V CH-0.4(k),12.892,1.001,1.070,0.537,1.513,1.799,0.099,0.400,4.667,0.407,2034.328,0.067,0.225,True
HD 147513_2,HD 147513,G1V CH-0.4(k),12.892,1.001,1.070,1.379,4.633,9.642,0.075,0.738,0.767,5.310,2026.168,2.987,0.343,False
HD 147513_3,HD 147513,G1V CH-0.4(k),12.892,1.001,1.070,0.578,8.582,24.303,0.099,0.788,2.848,1.281,2010.737,0.100,0.335,False
HD 147513_4,HD 147513,G1V CH-0.4(k),12.892,1.001,1.070,0.740,0.196,0.084,0.111,1.311,2.870,2.253,2034.983,0.142,0.403,False
HD 147513_5,HD 147513,G1V CH-0.4(k),12.892,1.001,1.070,0.624,4.520,9.290,0.075,1.104,4.859,6.088,2028.664,0.074,0.309,False
HD 147513_6,HD 147513,G1V CH-0.4(k),12.892,1.001,1.070,1.796,1.743,2.224,0.075,0.712,1.898,3.065,2032.881,4.592,0.127,False
HD 147513_7,HD 147513,G1V CH-0.4(k),12.892,1.001,1.070,0.667,2.470,3.753,0.028,1.437,0.635,0.961,2031.543,0.678,0.283,False
HD 149661_0,HD 149661,K0V(k),9.894,0.462,0.870,0.883,8.945,28.684,0.104,1.171,0.925,5.343,2008.205,0.695,0.293,False
HD 149661_1,HD 149661,K0V(k),9.894,0.462,0.870,0.607,8.133,24.867,0.086,0.416,3.657,3.546,2017.765,0.150,0.331,False
HD 149661_2,HD 149661,K0V(k),9.894,0.462,0.870,1.285,2.991,5.545,0.073,0.764,5.190,3.519,2031.544,2.457,0.060,False
HD 149661_3,HD 149661,K0V(k),9.894,0.462,0.870,0.700,2.364,3.898,0.065,1.131,2.259,5.586,2034.120,0.667,0.213,False
HD 149661_4,HD 149661,K0V(k),9.894,0.462,0.870,3.045,4.875,11.539,0.054,1.172,0.704,4.035,2034.043,13.309,0.064,False
HD 149661_5,HD 149661,K0V(k),9.894,0.462,0.870,2.936,3.155,6.008,0.051,1.216,2.407,5.395,2034.847,9.958,0.439,False
HD 149661_6,HD 149661,K0V(k),9.894,0.462,0.870,2.482,7.901,23.809,0.089,0.808,5.852,1.244,2015.800,12.048,0.040,False
HD 155886_0,HD 155886,K1V,5.952,0.327,0.850,0.955,7.592,22.691,0.028,1.012,1.140,4.532,2025.400,1.108,0.308,False
HD 155886_1,HD 155886,K1V,5.952,0.327,0.850,0.698,0.511,0.396,0.064,0.351,1.591,5.047,2034.838,0.774,0.280,True
HD 155886_2,HD 155886,K1V,5.952,0.327,0.850,1.589,0.232,0.121,0.069,1.169,4.921,1.948,2034.928,3.614,0.040,False
HD 155886_3,HD 155886,K1V,5.952,0.327,0.850,2.915,1.253,1.521,0.044,0.880,1.587,1.614,2034.643,7.412,0.181,False
HD 155886_4,HD 155886,K1V,5.952,0.327,0.850,0.940,0.305,0.183,0.028,1.103,0.005,4.564,2034.825,0.303,0.392,False
HD 155886_5,HD 155886,K1V,5.952,0.327,0.850,1.339,0.201,0.098,0.128,1.287,2.497,2.009,2034.998,4.271,0.371,False
HD 155886_6,HD 155886,K1V,5.952,0.327,0.850,0.948,0.316,0.193,0.044,0.292,1.131,2.004,2034.959,2.640,0.231,False
HD 155886_7,HD 155886,K1V,5.952,0.327,0.850,3.352,0.590,0.492,0.079,0.478,2.877,2.069,2034.745,14.032,0.251,True
HD 155886_8,HD 155886,K1V,5.952,0.327,0.850,2.635,3.879,8.285,0.087,0.383,1.765,5.048,2030.013,8.111,0.514,False
HD 155886_9,HD 155886,K1V,5.952,0.327,0.850,2.926,6.221,16.828,0.036,1.567,5.759,3.324,2024.799,18.883,0.091,False
HD 155885_0,HD 155885,K1V,5.948,0.332,0.850,1.080,0.424,0.300,0.016,1.559,3.671,6.031,2034.933,0.596,0.291,False
HD 155885_1,HD 155885,K1V,5.948,0.332,0.850,2.355,0.125,0.048,0.137,1.146,5.599,3.291,2034.995,5.439,0.205,False
HD 155885_2,HD 155885,K1V,5.948,0.332,0.850,1.014,8.397,26.393,0.047,1.199,6.010,4.565,2025.973,1.593,0.383,False
HD 155885_3,HD 155885,K1V,5.948,0.332,0.850,1.087,5.006,12.147,0.215,1.514,2.251,2.181,2034.736,0.998,0.245,False
HD 155885_4,HD 155885,K1V,5.948,0.332,0.850,0.991,2.293,3.766,0.052,0.913,5.773,0.634,2033.711,0.938,0.329,False
HD 156026_0,HD 156026,K5V(k),5.954,0.158,0.680,3.171,3.180,6.876,0.093,1.134,4.378,4.658,2033.043,12.638,0.083,False
HD 156026_1,HD 156026,K5V(k),5.954,0.158,0.680,0.509,0.564,0.513,0.081,1.204,0.681,2.115,2034.883,0.109,0.316,True
HD 156026_2,HD 156026,K5V(k),5.954,0.158,0.680,0.607,0.423,0.334,0.044,1.203,1.904,5.897,2034.727,0.429,0.257,True
HD 156026_3,HD 156026,K5V(k),5.954,0.158,0.680,2.318,1.001,1.215,0.060,0.865,0.366,4.099,2034.740,7.407,0.160,False
HD 156026_4,HD 156026,K5V(k),5.954,0.158,0.680,0.908,5.039,13.717,0.095,1.451,1.834,5.760,2027.634,1.073,0.309,False
HD 156026_5,HD 156026,K5V(k),5.954,0.158,0.680,2.972,1.693,2.671,0.124,0.610,4.285,3.437,2034.097,5.791,0.130,False
HD 156274 A_0,HD 156274 A,G9V,8.791,0.452,0.900,1.251,9.014,28.525,0.070,0.981,5.684,5.862,2034.362,2.075,0.254,False
HD 156274 A_1,HD 156274 A,G9V,8.791,0.452,0.900,1.556,9.067,28.778,0.042,1.210,5.759,4.945,2027.913,2.432,0.239,False
HD 156274 A_2,HD 156274 A,G9V,8.791,0.452,0.900,0.584,5.514,13.647,0.013,1.413,1.414,1.103,2026.068,0.061,0.361,False
HD 156274 A_3,HD 156274 A,G9V,8.791,0.452,0.900,1.608,4.433,9.839,0.138,1.543,0.901,0.503,2031.587,2.565,0.099,False
HD 160691_0,HD 160691,G3V,15.604,1.899,1.000,0.670,1.460,1.764,0.051,1.032,5.900,5.106,2034.047,0.184,0.284,True
HD 160691_1,HD 160691,G3V,15.604,1.899,1.000,0.880,0.274,0.144,0.085,0.606,1.978,0.957,2034.925,1.157,0.215,False
HD 160691_2,HD 160691,G3V,15.604,1.899,1.000,0.580,0.346,0.203,0.144,1.160,4.112,6.107,2034.905,0.055,0.299,False
HD 160691_3,HD 160691,G3V,15.604,1.899,1.000,0.556,0.123,0.043,0.058,1.546,4.874,3.552,2034.964,0.121,0.255,False
HD 160691_4,HD 160691,G3V,15.604,1.899,1.000,1.777,2.415,3.754,0.073,1.436,4.175,3.136,2031.862,3.583,0.070,False
HD 160691_5,HD 160691,G3V,15.604,1.899,1.000,0.644,6.546,16.747,0.090,0.887,6.132,0.894,2021.614,0.160,0.283,False
HD 160691_6,HD 160691,G3V,15.604,1.899,1.000,2.424,2.937,5.035,0.058,1.176,1.341,5.263,2032.060,11.092,0.082,False
HD 160691_7,HD 160691,G3V,15.604,1.899,1.000,2.375,3.230,5.805,0.098,1.306,3.716,1.386,2034.986,9.072,0.468,False
HD 165341 A_0,HD 165341 A,K0-V,5.113,0.532,0.880,1.359,3.482,6.927,0.036,1.324,3.249,4.427,2033.925,3.948,0.120,False
HD 165341 A_1,HD 165341 A,K0-V,5.113,0.532,0.880,1.310,5.406,13.399,0.074,1.550,4.699,3.827,2031.453,2.192,0.058,False
HD 165341 A_2,HD 165341 A,K0-V,5.113,0.532,0.880,2.947,0.277,0.155,0.022,1.452,5.766,1.429,2034.930,9.091,0.345,False
HD 165341 A_3,HD 165341 A,K0-V,5.113,0.532,0.880,1.615,0.642,0.548,0.027,1.466,4.059,1.094,2034.834,3.243,0.115,True
HD 165341 A_4,HD 165341 A,K0-V,5.113,0.532,0.880,0.996,4.545,10.329,0.076,0.690,1.281,3.155,2034.500,1.133,0.296,False
HD 165341 B_0,HD 165341 B,K4V,5.122,0.164,0.780,0.943,4.575,11.080,0.099,0.449,3.832,2.036,2025.337,0.890,0.215,False
HD 165341 B_1,HD 165341 B,K4V,5.122,0.164,0.780,0.500,1.256,1.594,0.089,0.765,2.946,4.158,2034.818,0.038,0.219,False
HD 165341 B_2,HD 165341 B,K4V,5.122,0.164,0.780,1.247,4.082,9.338,0.042,1.073,2.668,3.128,2031.560,2.163,0.123,False
HD 165341 B_3,HD 165341 B,K4V,5.122,0.164,0.780,0.528,0.100,0.036,0.077,1.259,5.707,2.324,2034.977,0.115,0.324,False
HD 165341 B_4,HD 165341 B,K4V,5.122,0.164,0.780,1.137,0.760,0.750,0.117,1.387,1.134,0.211,2034.687,8.764,0.136,False
HD 165499_0,HD 165499,G0V,17.753,1.731,1.080,0.637,3.777,7.063,0.071,1.386,2.823,0.249,2034.397,0.706,0.274,False
HD 165499_1,HD 165499,G0V,17.753,1.731,1.080,0.654,0.192,0.081,0.040,1.241,1.636,4.328,2034.977,0.118,0.172,False
HD 165499_2,HD 165499,G0V,17.753,1.731,1.080,2.345,7.705,20.579,0.133,1.050,1.375,2.215,2022.039,6.652,0.221,False
HD 165499_3,HD 165499,G0V,17.753,1.731,1.080,0.750,0.221,0.100,0.065,1.142,5.993,5.031,2034.919,0.126,0.339,False
HD 165499_4,HD 165499,G0V,17.753,1.731,1.080,3.377,1.569,1.890,0.062,1.449,4.896,1.766,2033.112,12.355,0.331,True
HD 185144_0,HD 185144,K0V,5.764,0.434,0.870,0.974,6.024,15.853,0.051,1.362,6.129,1.543,2024.524,1.100,0.314,False
HD 185144_1,HD 185144,K0V,5.764,0.434,0.870,0.500,0.747,0.692,0.070,1.438,3.230,3.417,2034.986,0.186,0.264,True
HD 185144_2,HD 185144,K0V,5.764,0.434,0.870,0.590,5.996,15.742,0.030,1.529,5.181,2.690,2031.996,0.089,0.234,False
HD 185144_3,HD 185144,K0V,5.764,0.434,0.870,2.317,0.688,0.612,0.135,1.078,5.296,3.031,2034.998,5.722,0.115,True
HD 187691 A_0,HD 187691 A,F8V,19.488,2.835,1.250,1.475,3.127,4.947,0.076,0.385,2.833,1.349,2034.112,1.394,0.342,False
HD 187691 A_1,HD 187691 A,F8V,19.488,2.835,1.250,1.018,2.610,3.771,0.091,1.212,0.711,3.619,2032.157,0.926,0.317,True
HD 187691 A_2,HD 187691 A,F8V,19.488,2.835,1.250,0.764,3.249,5.239,0.037,1.031,4.933,1.969,2032.569,0.178,0.419,False
HD 187691 A_3,HD 187691 A,F8V,19.488,2.835,1.250,2.654,2.018,2.564,0.038,1.352,1.631,3.378,2033.567,7.822,0.312,True
HD 190360_0,HD 190360,G7V,16.003,1.165,0.960,1.790,0.922,0.904,0.170,1.231,3.209,2.557,2034.514,3.175,0.258,False
HD 190360_1,HD 190360,G7V,16.003,1.165,0.960,1.071,3.764,7.452,0.081,0.331,2.340,3.707,2033.911,1.164,0.321,False
HD 190360_2,HD 190360,G7V,16.003,1.165,0.960,1.218,6.921,18.585,0.091,0.553,3.459,4.615,2025.217,0.585,0.319,False
HD 190360_3,HD 190360,G7V,16.003,1.165,0.960,2.733,3.632,7.065,0.139,1.554,3.045,3.053,2032.660,5.998,0.138,False
HD 190360_4,HD 190360,G7V,16.003,1.165,0.960,0.534,1.735,2.333,0.021,0.482,0.550,4.085,2034.043,0.447,0.292,True
HD 190360_5,HD 190360,G7V,16.003,1.165,0.960,1.934,0.581,0.452,0.080,1.121,5.470,5.829,2034.713,3.212,0.269,False
HD 190248_0,HD 190248,G8IV-V,6.099,1.250,0.940,0.518,9.325,29.371,0.081,0.969,1.011,0.602,2032.726,0.043,0.341,False
HD 190248_1,HD 190248,G8IV-V,6.099,1.250,0.940,1.408,1.110,1.206,0.055,0.966,3.863,3.759,2034.311,5.033,0.335,True
HD 190248_2,HD 190248,G8IV-V,6.099,1.250,0.940,1.017,3.754,7.503,0.072,1.142,2.998,2.411,2031.926,7.680,0.180,False
HD 190248_3,HD 190248,G8IV-V,6.099,1.250,0.940,0.510,1.406,1.719,0.139,1.439,1.831,3.332,2034.372,0.039,0.331,True
HD 192310_0,HD 192310,K2+V,8.812,0.404,0.770,0.641,1.267,1.625,0.070,1.458,5.212,4.731,2033.724,0.153,0.363,False
HD 192310_1,HD 192310,K2+V,8.812,0.404,0.770,2.730,1.472,2.035,0.082,0.698,0.640,4.988,2033.978,11.177,0.518,False
HD 192310_2,HD 192310,K2+V,8.812,0.404,0.770,2.544,0.631,0.571,0.109,0.588,2.903,5.706,2034.698,15.688,0.362,True
HD 192310_3,HD 192310,K2+V,8.812,0.404,0.770,2.458,0.091,0.031,0.084,0.928,3.713,3.922,2034.971,5.736,0.249,False
HD 201091_0,HD 201091,K5V,3.497,0.142,0.680,1.255,7.018,22.546,0.034,0.932,2.902,4.814,2013.625,1.951,0.274,False
HD 201091_1,HD 201091,K5V,3.497,0.142,0.680,0.699,1.051,1.307,0.108,0.392,3.281,2.896,2034.458,0.461,0.278,False
HD 201091_2,HD 201091,K5V,3.497,0.142,0.680,0.940,2.964,6.190,0.153,1.209,5.614,4.616,2029.424,1.051,0.276,False
HD 201091_3,HD 201091,K5V,3.497,0.142,0.680,1.425,5.858,17.193,0.035,1.043,5.361,1.187,2034.573,2.400,0.379,False
HD 201091_4,HD 201091,K5V,3.497,0.142,0.680,3.013,2.241,4.069,0.067,1.140,1.118,4.688,2032.700,11.536,0.375,False
HD 201092_0,HD 201092,K7V,3.496,0.078,0.630,1.895,4.413,11.678,0.053,0.883,0.896,1.379,2034.715,2.993,0.032,False
HD 201092_1,HD 201092,K7V,3.496,0.078,0.630,2.370,2.708,5.615,0.059,0.725,3.624,4.743,2030.090,6.910,0.033,False
HD 202560_0,HD 202560,M0V,3.970,0.083,0.590,1.590,0.846,1.014,0.075,1.283,2.227,5.600,2034.250,3.098,0.069,False
HD 202560_1,HD 202560,M0V,3.970,0.083,0.590,0.674,0.552,0.534,0.052,0.159,5.203,2.808,2034.601,0.277,0.340,False
HD 202560_2,HD 202560,M0V,3.970,0.083,0.590,0.796,6.044,19.343,0.038,1.506,3.310,1.597,2031.572,0.292,0.375,False
HD 202560_3,HD 202560,M0V,3.970,0.083,0.590,1.589,0.867,1.051,0.117,0.318,4.402,5.687,2034.673,3.993,0.359,False
HD 202560_4,HD 202560,M0V,3.970,0.083,0.590,0.558,2.302,4.546,0.140,0.515,6.101,1.579,2031.500,0.242,0.277,False
HD 202560_5,HD 202560,M0V,3.970,0.083,0.590,0.847,3.244,7.607,0.082,0.642,2.165,0.473,2032.083,0.597,0.279,False
HD 202560_6,HD 202560,M0V,3.970,0.083,0.590,0.785,0.414,0.347,0.085,0.278,5.980,5.975,2034.945,0.520,0.316,True
HD 203608_0,HD 203608,F9V Fe-1.4 CH-0.7,9.258,1.466,1.140,1.790,2.203,3.063,0.092,0.652,2.025,4.520,2034.922,4.377,0.136,False
HD 203608_1,HD 203608,F9V Fe-1.4 CH-0.7,9.258,1.466,1.140,0.502,2.342,3.357,0.100,1.295,4.206,0.355,2032.971,0.082,0.288,False
HD 203608_2,HD 203608,F9V Fe-1.4 CH-0.7,9.258,1.466,1.140,1.086,2.740,4.248,0.062,1.538,4.433,2.506,2032.337,0.793,0.348,False
HD 203608_3,HD 203608,F9V Fe-1.4 CH-0.7,9.258,1.466,1.140,0.554,6.227,14.555,0.091,1.136,4.900,4.246,2020.655,0.146,0.187,False
HD 203608_4,HD 203608,F9V Fe-1.4 CH-0.7,9.258,1.466,1.140,1.308,6.420,15.234,0.074,1.401,3.928,1.704,2033.236,2.229,0.063,False
HD 203608_5,HD 203608,F9V Fe-1.4 CH-0.7,9.258,1.466,1.140,0.929,4.293,8.332,0.038,1.255,1.697,6.197,2032.466,3.169,0.108,False
HD 203608_6,HD 203608,F9V Fe-1.4 CH-0.7,9.258,1.466,1.140,0.985,0.526,0.357,0.072,0.848,2.731,4.955,2034.735,2.729,0.224,False
HD 209100_0,HD 209100,K4V(k),3.638,0.222,0.720,0.524,2.433,4.473,0.127,1.433,1.321,1.783,2034.560,0.125,0.259,False
HD 209100_1,HD 209100,K4V(k),3.638,0.222,0.720,0.540,1.218,1.584,0.094,0.968,6.255,5.888,2034.779,0.063,0.261,False
HD 209100_2,HD 209100,K4V(k),3.638,0.222,0.720,1.925,0.989,1.159,0.073,0.829,3.256,4.345,2034.519,3.381,0.270,False
HD 209100_3,HD 209100,K4V(k),3.638,0.222,0.720,1.574,4.875,12.684,0.073,1.095,5.679,0.461,2033.410,5.024,0.115,False
HD 209100_4,HD 209100,K4V(k),3.638,0.222,0.720,2.632,3.542,7.857,0.022,1.028,1.385,2.314,2028.415,10.115,0.258,False
HD 209100_5,HD 209100,K4V(k),3.638,0.222,0.720,0.931,0.635,0.596,0.076,0.633,4.314,6.018,2034.675,1.048,0.184,True
HD 209100_6,HD 209100,K4V(k),3.638,0.222,0.720,0.885,1.701,2.615,0.082,1.440,6.051,5.658,2033.172,0.188,0.252,False
HD 209100_7,HD 209100,K4V(k),3.638,0.222,0.720,1.234,7.831,25.825,0.082,1.291,2.727,0.255,2011.655,2.829,0.275,False
HD 209100_8,HD 209100,K4V(k),3.638,0.222,0.720,2.488,2.097,3.578,0.099,1.086,0.434,2.082,2034.930,9.665,0.426,False
HD 209100_9,HD 209100,K4V(k),3.638,0.222,0.720,2.297,0.782,0.815,0.071,0.725,5.195,0.770,2034.530,4.804,0.211,False
HD 209100_10,HD 209100,K4V(k),3.638,0.222,0.720,2.026,0.182,0.092,0.056,0.283,0.232,1.653,2034.938,4.669,0.671,False
HD 209100_11,HD 209100,K4V(k),3.638,0.222,0.720,1.174,0.917,1.034,0.107,0.718,0.336,3.384,2034.237,2.072,0.156,False
HD 210302_0,HD 210302,F6V,18.458,2.918,1.250,1.293,0.937,0.811,0.087,0.374,3.028,5.756,2034.436,2.294,0.103,False
HD 210302_1,HD 210302,F6V,18.458,2.918,1.250,0.672,0.316,0.159,0.034,1.229,4.926,1.081,2034.879,0.191,0.254,False
HD 210302_2,HD 210302,F6V,18.458,2.918,1.250,0.820,0.162,0.058,0.125,1.119,5.322,4.715,2034.968,0.444,0.290,False
HD 210302_3,HD 210302,F6V,18.458,2.918,1.250,2.909,0.925,0.795,0.123,1.043,2.451,0.129,2034.749,10.329,0.328,False
HD 210302_4,HD 210302,F6V,18.458,2.918,1.250,1.727,1.629,1.859,0.122,1.103,1.965,2.736,2033.252,4.219,0.430,True
HD 210302_5,HD 210302,F6V,18.458,2.918,1.250,0.813,8.052,20.438,0.063,0.722,3.805,2.322,2028.870,1.279,0.356,False
HD 212330 A_0,HD 212330 A,G2IV-V,20.340,2.726,1.020,3.281,1.747,2.287,0.031,1.240,0.326,5.377,2032.923,5.896,0.059,True
HD 212330 A_1,HD 212330 A,G2IV-V,20.340,2.726,1.020,2.331,8.854,26.088,0.122,0.823,2.196,5.154,2033.830,6.689,0.102,False
HD 212330 A_2,HD 212330 A,G2IV-V,20.340,2.726,1.020,0.797,5.272,11.987,0.048,0.374,2.791,2.602,2030.229,0.487,0.288,False
HD 216803_0,HD 216803,K4Ve,7.601,0.196,0.720,1.514,6.405,19.104,0.043,0.852,1.539,1.890,2028.629,3.414,0.225,False
HD 216803_1,HD 216803,K4Ve,7.601,0.196,0.720,2.035,3.539,7.844,0.087,0.472,4.816,2.884,2030.547,4.875,0.358,False
HD 216803_2,HD 216803,K4Ve,7.601,0.196,0.720,0.827,6.387,19.023,0.058,0.507,1.454,3.359,2018.885,0.146,0.248,False
HD 216803_3,HD 216803,K4Ve,7.601,0.196,0.720,0.893,0.104,0.040,0.044,0.997,0.568,2.039,2034.964,0.812,0.297,False
HD 216803_4,HD 216803,K4Ve,7.601,0.196,0.720,2.631,2.738,5.339,0.038,1.565,6.120,4.757,2033.378,16.763,0.068,False
HD 216803_5,HD 216803,K4Ve,7.601,0.196,0.720,0.686,0.109,0.042,0.060,0.552,3.585,1.816,2034.967,0.087,0.352,False
HD 216803_6,HD 216803,K4Ve,7.601,0.196,0.720,1.431,0.431,0.333,0.071,0.603,3.005,5.605,2034.692,3.714,0.193,True
HD 217987_0,HD 217987,M1.0V,3.287,0.036,0.490,3.100,3.278,8.477,0.032,0.296,2.855,0.154,2033.211,11.412,0.438,False
HD 217987_1,HD 217987,M1.0V,3.287,0.036,0.490,2.049,0.104,0.048,0.158,0.739,6.021,4.747,2034.985,5.502,0.242,False
HD 219134_0,HD 219134,K3V,6.542,0.266,0.750,3.021,1.298,1.708,0.068,0.859,5.264,3.202,2033.521,8.443,0.156,False
HD 219134_1,HD 219134,K3V,6.542,0.266,0.750,0.589,0.107,0.040,0.060,0.978,3.188,5.595,2034.973,0.116,0.251,False
HD 219134_2,HD 219134,K3V,6.542,0.266,0.750,1.279,0.475,0.378,0.085,0.784,4.792,0.701,2034.718,3.455,0.432,True
HD 219134_3,HD 219134,K3V,6.542,0.266,0.750,1.913,2.999,5.998,0.067,1.132,5.057,4.600,2034.274,5.997,0.291,False
HD 219134_4,HD 219134,K3V,6.542,0.266,0.750,1.716,0.285,0.176,0.083,0.156,4.765,2.994,2034.990,7.189,0.336,False
HD 219134_5,HD 219134,K3V,6.542,0.266,0.750,1.090,1.823,2.842,0.052,0.837,3.784,0.836,2033.242,2.985,0.422,False
HD 219134_6,HD 219134,K3V,6.542,0.266,0.750,0.890,5.453,14.703,0.018,0.227,1.239,0.153,2027.648,0.867,0.254,False
HD 219134_7,HD 219134,K3V,6.542,0.266,0.750,2.277,0.986,1.131,0.056,0.538,0.401,5.399,2034.350,12.655,0.267,False
HD 219134_8,HD 219134,K3V,6.542,0.266,0.750,0.756,7.367,23.090,0.102,0.783,4.360,6.022,2028.007,0.483,0.328,False
HD 166_0,HD 166,G8V,13.766,0.647,0.940,1.080,1.592,2.073,0.090,1.311,5.098,2.288,2033.840,2.269,0.161,False
HD 166_1,HD 166,G8V,13.766,0.647,0.940,0.515,0.635,0.521,0.021,1.171,0.948,6.023,2034.669,0.073,0.289,True
HD 693_0,HD 693,F8V Fe-0.8 CH-0.5,18.886,2.997,1.180,1.136,1.045,0.984,0.058,1.462,0.207,5.268,2034.145,1.607,0.332,False
HD 693_1,HD 693,F8V Fe-0.8 CH-0.5,18.886,2.997,1.180,2.768,0.139,0.048,0.106,1.526,2.234,2.003,2034.995,8.024,0.271,False
HD 693_2,HD 693,F8V Fe-0.8 CH-0.5,18.886,2.997,1.180,0.521,6.735,16.089,0.181,0.901,4.612,0.398,2031.982,0.186,0.299,False
HD 693_3,HD 693,F8V Fe-0.8 CH-0.5,18.886,2.997,1.180,1.975,1.448,1.604,0.069,0.896,4.171,2.851,2034.216,3.477,0.231,True
HD 693_4,HD 693,F8V Fe-0.8 CH-0.5,18.886,2.997,1.180,1.392,1.744,2.120,0.105,1.242,0.276,5.629,2033.019,3.418,0.108,True
HD 693_5,HD 693,F8V Fe-0.8 CH-0.5,18.886,2.997,1.180,1.423,2.909,4.568,0.100,1.520,6.246,1.163,2031.802,2.551,0.548,False
HD 693_6,HD 693,F8V Fe-0.8 CH-0.5,18.886,2.997,1.180,0.574,2.914,4.579,0.024,1.397,3.962,3.224,2032.602,0.298,0.335,True
HD 693_7,HD 693,F8V Fe-0.8 CH-0.5,18.886,2.997,1.180,2.298,3.930,7.172,0.010,0.941,1.813,6.241,2031.416,9.146,0.254,False
HD 1581_0,HD 1581,F9.5V,8.607,1.262,1.110,2.450,6.722,16.543,0.107,1.535,2.702,3.098,2019.294,15.028,0.348,False
HD 1581_1,HD 1581,F9.5V,8.607,1.262,1.110,2.633,1.541,1.816,0.046,0.932,1.180,1.497,2034.820,11.899,0.274,True
HD 1581_2,HD 1581,F9.5V,8.607,1.262,1.110,0.988,0.181,0.073,0.101,1.443,5.025,4.426,2034.940,0.314,0.248,False
HD 1581_3,HD 1581,F9.5V,8.607,1.262,1.110,2.760,1.491,1.727,0.126,1.270,0.655,2.481,2034.089,9.919,0.052,True
HD 1581_4,HD 1581,F9.5V,8.607,1.262,1.110,2.378,0.208,0.090,0.109,0.722,3.521,4.295,2034.966,5.038,0.244,False
HD 3651 A_0,HD 3651 A,K0.5V,11.108,0.532,0.860,1.086,0.818,0.798,0.090,0.843,0.072,4.320,2034.321,0.913,0.299,True
HD 3651 A_1,HD 3651 A,K0.5V,11.108,0.532,0.860,0.758,4.961,11.916,0.098,0.912,2.444,5.210,2023.608,1.022,0.289,False
HD 3651 A_2,HD 3651 A,K0.5V,11.108,0.532,0.860,0.676,8.801,28.154,0.079,1.473,0.995,2.105,2027.004,0.371,0.239,False
HD 3651 A_3,HD 3651 A,K0.5V,11.108,0.532,0.860,3.284,0.106,0.037,0.120,1.366,2.739,6.225,2034.970,11.260,0.111,False
HD 3651 A_4,HD 3651 A,K0.5V,11.108,0.532,0.860,0.588,6.104,16.263,0.091,1.233,6.253,3.541,2025.287,0.072,0.222,False
HD 3651 A_5,HD 3651 A,K0.5V,11.108,0.532,0.860,0.534,0.552,0.442,0.025,1.198,3.008,4.815,2034.780,0.105,0.334,False
HD 3651 A_6,HD 3651 A,K0.5V,11.108,0.532,0.860,1.398,5.237,12.923,0.008,1.561,1.771,3.076,2024.823,1.728,0.282,False
HD 4391_0,HD 4391,G5V Fe-0.8 CH-1,15.049,0.923,0.980,1.471,0.363,0.221,0.182,1.435,2.244,0.083,2034.969,2.308,0.084,False
HD 4391_1,HD 4391,G5V Fe-0.8 CH-1,15.049,0.923,0.980,0.614,1.544,1.939,0.114,1.090,3.708,0.822,2033.684,0.210,0.249,False
HD 4391_2,HD 4391,G5V Fe-0.8 CH-1,15.049,0.923,0.980,0.863,0.361,0.219,0.058,0.838,4.843,2.600,2034.814,1.273,0.295,False
HD 4391_3,HD 4391,G5V Fe-0.8 CH-1,15.049,0.923,0.980,0.942,0.102,0.033,0.064,0.987,4.122,3.581,2034.991,1.195,0.356,False
HD 4391_4,HD 4391,G5V Fe-0.8 CH-1,15.049,0.923,0.980,2.712,0.526,0.385,0.038,1.211,3.862,4.195,2034.816,4.443,0.189,False
HD 4628_0,HD 4628,K2V,7.435,0.300,0.780,1.741,0.299,0.185,0.054,1.522,5.735,0.004,2034.914,4.518,0.167,False
HD 4628_1,HD 4628,K2V,7.435,0.300,0.780,1.273,4.258,9.948,0.031,1.216,5.729,4.712,2027.435,2.240,0.425,False
HD 4628_2,HD 4628,K2V,7.435,0.300,0.780,1.762,4.866,12.155,0.007,1.309,2.962,0.925,2026.222,4.805,0.141,False
HD 4628_3,HD 4628,K2V,7.435,0.300,0.780,0.511,5.462,14.452,0.143,1.264,2.093,5.627,2030.289,0.268,0.186,False
HD 4628_4,HD 4628,K2V,7.435,0.300,0.780,0.981,4.069,9.292,0.034,0.073,1.022,1.949,2030.318,0.218,0.225,False
HD 4628_5,HD 4628,K2V,7.435,0.300,0.780,0.897,3.681,7.995,0.025,1.316,3.515,0.441,2027.598,0.438,0.254,False
HD 4628_6,HD 4628,K2V,7.435,0.300,0.780,1.942,1.476,2.030,0.055,1.258,5.162,3.462,2034.883,6.196,0.115,False
HD 4614 A_0,HD 4614 A,F9V,5.010,1.252,1.140,1.358,4.718,9.597,0.051,0.752,0.577,3.540,2029.981,1.438,0.373,False
HD 4614 A_1,HD 4614 A,F9V,5.010,1.252,1.140,0.728,0.651,0.492,0.133,1.060,5.332,2.013,2034.825,0.863,0.314,False
HD 4614 A_2,HD 4614 A,F9V,5.010,1.252,1.140,1.361,2.584,3.891,0.017,0.664,4.797,0.814,2033.230,2.833,0.133,False
HD 4813_0,HD 4813,F7V,15.923,1.781,1.210,0.508,6.048,13.523,0.058,0.713,1.190,1.183,2028.083,0.154,0.338,False
HD 4813_1,HD 4813,F7V,15.923,1.781,1.210,0.829,8.923,24.229,0.111,1.230,1.681,1.998,2024.742,0.335,0.243,False
HD 7570_0,HD 7570,F9V Fe+0.4,15.261,2.004,1.140,1.134,3.031,4.941,0.054,1.425,2.682,2.214,2031.084,2.676,0.301,False
HD 7570_1,HD 7570,F9V Fe+0.4,15.261,2.004,1.140,0.941,0.150,0.055,0.071,1.031,0.527,2.637,2034.972,1.635,0.244,False
HD 7570_2,HD 7570,F9V Fe+0.4,15.261,2.004,1.140,1.730,1.977,2.604,0.063,1.339,1.053,5.625,2033.084,4.353,0.053,True
HD 7570_3,HD 7570,F9V Fe+0.4,15.261,2.004,1.140,1.364,3.034,4.950,0.079,0.745,3.904,5.412,2032.354,2.717,0.289,False
HD 7570_4,HD 7570,F9V Fe+0.4,15.261,2.004,1.140,0.726,0.569,0.402,0.099,0.479,0.369,2.729,2034.857,0.372,0.322,False
HD 10361_0,HD 10361,K2V,8.197,0.304,0.770,2.370,8.425,27.867,0.024,1.194,1.103,3.811,2022.347,5.568,0.196,False
HD 10361_1,HD 10361,K2V,8.197,0.304,0.770,1.303,0.761,0.756,0.025,1.034,4.517,1.303,2034.519,2.174,0.277,True
HD 10361_2,HD 10361,K2V,8.197,0.304,0.770,0.785,0.985,1.114,0.066,1.153,1.176,3.376,2034.238,0.367,0.303,False
HD 10361_3,HD 10361,K2V,8.197,0.304,0.770,0.586,1.525,2.145,0.070,0.615,5.509,0.768,2034.227,0.186,0.327,False
HD 10361_4,HD 10361,K2V,8.197,0.304,0.770,0.501,4.037,9.244,0.084,1.550,1.541,4.607,2033.449,0.163,0.291,False
HD 10360_0,HD 10360,K2V,8.189,0.345,0.780,2.009,0.111,0.042,0.132,0.540,3.668,2.780,2034.975,3.749,0.170,False
HD 10360_1,HD 10360,K2V,8.189,0.345,0.780,0.525,0.559,0.473,0.036,1.289,5.641,3.116,2034.940,0.088,0.314,True
HD 10360_2,HD 10360,K2V,8.189,0.345,0.780,2.182,3.873,8.629,0.130,1.213,5.817,2.335,2034.779,10.620,0.283,False
HD 10360_3,HD 10360,K2V,8.189,0.345,0.780,1.485,7.994,25.592,0.139,0.898,3.562,1.125,2026.887,2.294,0.274,False
HD 10360_4,HD 10360,K2V,8.189,0.345,0.780,3.239,0.185,0.090,0.028,1.349,1.850,3.507,2034.927,10.499,0.107,False
HD 10360_5,HD 10360,K2V,8.189,0.345,0.780,0.679,2.330,4.028,0.067,0.993,3.474,0.420,2033.098,0.279,0.308,False
HD 10476_0,HD 10476,K1V,7.644,0.454,0.850,0.738,0.171,0.077,0.070,1.131,5.867,1.310,2034.927,0.586,0.339,False
HD 10700_0,HD 10700,G8V,3.652,0.506,0.940,0.563,1.625,2.137,0.099,0.429,0.368,5.964,2034.427,0.125,0.340,False
HD 10780_0,HD 10780,G9V,10.041,0.516,0.900,1.077,0.841,0.813,0.110,0.605,1.727,3.522,2034.209,3.175,0.046,True
HD 10780_1,HD 10780,G9V,10.041,0.516,0.900,0.847,5.583,13.907,0.118,0.821,0.613,1.879,2022.622,0.969,0.219,False
HD 10780_2,HD 10780,G9V,10.041,0.516,0.900,3.223,7.180,20.278,0.044,1.154,2.386,4.802,2024.341,18.470,0.261,False
HD 10780_3,HD 10780,G9V,10.041,0.516,0.900,1.348,2.250,3.557,0.098,1.270,3.680,0.065,2032.215,2.964,0.281,False
HD 10780_4,HD 10780,G9V,10.041,0.516,0.900,2.513,2.669,4.596,0.102,0.533,2.946,1.824,2034.828,18.829,0.201,False
HD 17051_0,HD 17051,F9V Fe+0.3,17.357,1.737,1.140,0.800,1.593,1.884,0.055,1.350,4.047,0.577,2034.319,0.379,0.188,True
HD 17051_1,HD 17051,F9V Fe+0.3,17.357,1.737,1.140,1.035,2.146,2.944,0.107,1.167,0.870,3.827,2034.053,0.276,0.350,False
HD 17051_2,HD 17051,F9V Fe+0.3,17.357,1.737,1.140,1.302,4.311,8.385,0.108,1.134,4.500,4.554,2028.773,3.976,0.030,False
HD 16895 A_0,HD 16895 A,F7V,11.150,2.246,1.210,2.816,3.595,6.196,0.047,0.539,1.427,4.899,2031.436,9.019,0.207,False
HD 16895 A_1,HD 16895 A,F7V,11.150,2.246,1.210,0.995,8.462,22.376,0.098,1.139,1.750,2.509,2024.869,1.028,0.359,False
HD 16895 A_2,HD 16895 A,F7V,11.150,2.246,1.210,0.770,6.016,13.413,0.071,0.434,2.583,2.083,2027.994,0.941,0.249,False
HD 16895 A_3,HD 16895 A,F7V,11.150,2.246,1.210,1.075,10.066,29.032,0.138,0.641,5.777,3.912,2032.443,0.416,0.207,False
HD 16895 A_4,HD 16895 A,F7V,11.150,2.246,1.210,1.274,4.424,8.460,0.091,1.451,2.796,1.391,2033.810,1.420,0.305,False
HD 16895 A_5,HD 16895 A,F7V,11.150,2.246,1.210,3.144,1.554,1.761,0.050,0.939,2.931,2.194,2034.703,7.562,0.090,True
HD 16895 A_6,HD 16895 A,F7V,11.150,2.246,1.210,0.508,0.108,0.032,0.029,1.466,1.477,5.878,2034.996,0.050,0.347,False
HD 16895 A_7,HD 16895 A,F7V,11.150,2.246,1.210,0.914,9.063,24.805,0.045,1.461,5.306,1.859,2014.926,0.954,0.390,False
HD 16895 A_8,HD 16895 A,F7V,11.150,2.246,1.210,3.057,6.387,14.674,0.162,1.541,0.377,2.260,2033.196,14.902,0.282,False
HD 17206_0,HD 17206,F7V,14.276,2.617,1.210,0.885,1.742,2.091,0.090,0.349,0.817,1.313,2033.524,0.759,0.326,True
HD 17206_1,HD 17206,F7V,14.276,2.617,1.210,2.253,0.879,0.749,0.039,1.141,1.280,3.460,2034.649,4.165,0.452,False
HD 17206_2,HD 17206,F7V,14.276,2.617,1.210,0.762,0.485,0.307,0.035,1.320,4.953,2.432,2034.741,0.074,0.281,False
HD 17206_3,HD 17206,F7V,14.276,2.617,1.210,0.548,8.419,22.206,0.043,1.020,3.698,5.735,2030.235,0.117,0.255,False
HD 17206_4,HD 17206,F7V,14.276,2.617,1.210,0.719,5.634,12.156,0.055,0.974,4.088,1.459,2023.073,0.215,0.301,False
HD 17925_0,HD 17925,K1.5V(k),10.361,0.401,0.820,0.676,1.472,1.973,0.037,0.517,1.251,5.017,2034.256,0.328,0.285,False
HD 17925_1,HD 17925,K1.5V(k),10.361,0.401,0.820,0.570,4.687,11.205,0.084,1.320,1.493,5.162,2031.032,0.210,0.249,False
HD 17925_2,HD 17925,K1.5V(k),10.361,0.401,0.820,0.938,0.735,0.696,0.099,1.427,3.895,3.681,2034.997,0.850,0.402,True
HD 17925_3,HD 17925,K1.5V(k),10.361,0.401,0.820,1.065,0.561,0.464,0.086,1.055,4.074,5.743,2034.553,2.059,0.333,True
HD 17925_4,HD 17925,K1.5V(k),10.361,0.401,0.820,1.424,0.848,0.863,0.062,1.285,3.664,3.660,2034.864,2.954,0.148,True
HD 17925_5,HD 17925,K1.5V(k),10.361,0.401,0.820,0.556,5.781,15.348,0.034,1.280,3.166,1.563,2029.105,0.171,0.389,False
HD 17925_6,HD 17925,K1.5V(k),10.361,0.401,0.820,0.719,3.618,7.600,0.076,0.779,1.325,0.409,2033.276,0.183,0.357,False
HD 19373_0,HD 19373,G0V,10.577,2.230,1.080,3.212,0.740,0.613,0.034,0.950,5.364,4.761,2034.891,12.892,0.161,False
HD 19373_1,HD 19373,G0V,10.577,2.230,1.080,0.922,9.573,28.500,0.042,1.281,4.173,1.402,2012.350,0.832,0.254,False
HD 19373_2,HD 19373,G0V,10.577,2.230,1.080,1.483,0.724,0.593,0.048,0.810,5.545,4.974,2034.987,3.927,0.044,False
HD 19373_3,HD 19373,G0V,10.577,2.230,1.080,1.037,0.676,0.535,0.061,1.067,0.722,5.011,2034.981,0.843,0.343,False
HD 19373_4,HD 19373,G0V,10.577,2.230,1.080,0.504,8.663,24.535,0.026,0.859,0.011,4.518,2021.463,0.119,0.332,False
HD 19373_5,HD 19373,G0V,10.577,2.230,1.080,1.036,7.360,19.214,0.023,1.522,3.803,2.890,2024.099,0.918,0.322,False
HD 19373_6,HD 19373,G0V,10.577,2.230,1.080,2.433,0.114,0.037,0.040,1.039,5.831,4.084,2034.986,7.589,0.132,False
HD 19373_7,HD 19373,G0V,10.577,2.230,1.080,1.622,2.870,4.679,0.048,0.476,3.302,4.945,2033.175,4.706,0.217,False
HD 20766_0,HD 20766,G2IV,12.045,0.794,1.010,1.674,1.336,1.537,0.161,0.632,0.970,4.138,2033.914,1.890,0.362,True
HD 20766_1,HD 20766,G2IV,12.045,0.794,1.010,2.659,0.327,0.186,0.097,1.503,4.415,3.849,2034.931,6.024,0.384,False
HD 20766_2,HD 20766,G2IV,12.045,0.794,1.010,2.393,6.652,17.070,0.081,1.025,1.061,2.606,2031.820,4.583,0.129,False
HD 20766_3,HD 20766,G2IV,12.045,0.794,1.010,2.013,9.104,27.334,0.075,0.814,4.901,5.948,2033.031,2.423,0.315,False
HD 20766_4,HD 20766,G2IV,12.045,0.794,1.010,0.912,1.915,2.637,0.031,1.266,2.951,4.505,2032.811,0.437,0.332,False
HD 20807_0,HD 20807,G1V,12.039,1.017,1.070,1.793,0.337,0.189,0.072,0.839,0.455,2.182,2034.996,5.585,0.271,False
HD 20807_1,HD 20807,G1V,12.039,1.017,1.070,0.954,1.546,1.859,0.069,1.044,4.779,1.253,2033.955,0.674,0.337,True
HD 20807_2,HD 20807,G1V,12.039,1.017,1.070,2.038,2.979,4.970,0.055,1.071,2.153,5.963,2033.717,5.953,0.050,False
HD 20630_0,HD 20630,G5V,9.276,0.857,0.980,0.871,5.172,11.881,0.052,0.418,3.116,1.744,2034.290,1.257,0.332,False
HD 20630_1,HD 20630,G5V,9.276,0.857,0.980,1.547,0.648,0.527,0.142,0.382,4.988,1.413,2034.632,5.088,0.186,False
HD 20630_2,HD 20630,G5V,9.276,0.857,0.980,0.841,5.781,14.042,0.070,0.353,2.835,0.686,2032.686,0.498,0.317,False
HD 20630_3,HD 20630,G5V,9.276,0.857,0.980,1.016,5.339,12.462,0.088,1.050,0.331,0.320,2033.190,2.620,0.259,False
HD 20630_4,HD 20630,G5V,9.276,0.857,0.980,1.404,6.225,15.689,0.052,0.727,1.101,4.289,2023.810,2.739,0.183,False
HD 20630_5,HD 20630,G5V,9.276,0.857,0.980,0.621,1.387,1.650,0.083,0.412,5.668,6.236,2033.407,0.099,0.211,True
HD 20794_0,HD 20794,G6V,6.041,0.654,0.970,2.962,4.322,9.122,0.170,1.001,0.605,5.477,2028.461,9.511,0.488,False
HD 20794_1,HD 20794,G6V,6.041,0.654,0.970,1.302,2.398,3.769,0.095,1.001,3.975,2.284,2034.558,1.370,0.304,False
HD 20794_2,HD 20794,G6V,6.041,0.654,0.970,2.037,5.510,13.133,0.055,1.080,5.189,1.766,2031.618,4.087,0.310,False
HD 22484_0,HD 22484,F9IV-V,13.920,3.068,1.140,1.142,0.838,0.719,0.146,1.448,1.711,4.334,2034.435,1.222,0.272,False
HD 22484_1,HD 22484,F9IV-V,13.920,3.068,1.140,1.996,1.120,1.110,0.109,1.262,1.626,2.038,2034.644,7.041,0.217,False
HD 22484_2,HD 22484,F9IV-V,13.920,3.068,1.140,1.765,0.469,0.301,0.117,1.020,1.745,3.761,2034.901,7.572,0.208,False
HD 22484_3,HD 22484,F9IV-V,13.920,3.068,1.140,2.581,5.364,11.637,0.086,0.359,0.412,3.168,2027.616,5.513,0.361,False
HD 22484_4,HD 22484,F9IV-V,13.920,3.068,1.140,3.171,9.855,28.978,0.123,0.584,1.648,0.908,2031.289,15.315,0.058,False
HD 22484_5,HD 22484,F9IV-V,13.920,3.068,1.140,0.516,4.456,8.809,0.081,0.983,5.172,2.300,2026.831,0.044,0.236,False
HD 22484_6,HD 22484,F9IV-V,13.920,3.068,1.140,1.223,7.645,19.796,0.037,0.353,6.205,3.225,2016.429,2.776,0.134,False
HD 22484_7,HD 22484,F9IV-V,13.920,3.068,1.140,0.943,3.201,5.364,0.074,0.588,0.453,3.872,2029.912,0.719,0.384,False
HD 23249_0,HD 23249,K0+IV,9.089,2.941,0.870,0.804,2.380,3.936,0.039,0.859,5.758,4.376,2033.462,0.126,0.386,True
HD 23249_1,HD 23249,K0+IV,9.089,2.941,0.870,1.487,2.348,3.856,0.031,1.536,5.184,2.777,2031.846,4.098,0.192,True
HD 26965 A_0,HD 26965 A,K0.5V,5.010,0.410,0.860,1.169,5.832,15.187,0.030,0.740,4.169,3.491,2026.013,1.120,0.368,False
HD 26965 A_1,HD 26965 A,K0.5V,5.010,0.410,0.860,1.380,0.482,0.361,0.058,0.871,2.177,0.151,2034.899,2.132,0.190,False
HD 26965 A_2,HD 26965 A,K0.5V,5.010,0.410,0.860,0.500,0.345,0.218,0.049,0.580,1.895,1.595,2034.986,0.039,0.313,False
HD 26965 A_3,HD 26965 A,K0.5V,5.010,0.410,0.860,1.322,5.779,14.980,0.068,0.125,2.259,4.013,2028.541,1.878,0.368,False
HD 26965 A_4,HD 26965 A,K0.5V,5.010,0.410,0.860,2.135,6.258,16.883,0.111,0.261,2.127,4.999,2025.459,7.069,0.121,False
HD 30495_0,HD 30495,G1.5V(n),13.240,0.966,1.040,0.989,1.934,2.638,0.080,1.042,4.902,0.068,2033.729,0.820,0.301,False
HD 30495_1,HD 30495,G1.5V(n),13.240,0.966,1.040,0.945,6.140,14.921,0.051,0.963,3.115,0.281,2034.089,0.996,0.310,False
HD 30495_2,HD 30495,G1.5V(n),13.240,0.966,1.040,1.179,0.416,0.263,0.060,1.455,2.035,1.515,2034.787,2.252,0.234,False
HD 30495_3,HD 30495,G1.5V(n),13.240,0.966,1.040,0.623,1.848,2.464,0.089,1.052,0.857,4.937,2034.705,0.444,0.245,False
HD 30495_4,HD 30495,G1.5V(n),13.240,0.966,1.040,1.569,7.574,20.440,0.157,0.999,4.477,0.206,2018.387,2.939,0.007,False
HD 30495_5,HD 30495,G1.5V(n),13.240,0.966,1.040,0.915,10.026,31.131,0.024,0.989,3.640,5.979,2010.817,0.255,0.320,False
HD 30652_0,HD 30652,F6V,8.068,2.710,1.250,0.524,0.357,0.190,0.032,1.489,1.157,5.565,2034.930,0.200,0.303,False
HD 30652_1,HD 30652,F6V,8.068,2.710,1.250,2.314,3.379,5.556,0.099,1.434,2.206,1.706,2033.715,6.380,0.219,False
HD 30652_2,HD 30652,F6V,8.068,2.710,1.250,1.563,1.418,1.511,0.081,1.029,6.087,5.432,2033.909,4.825,0.016,True
HD 30652_3,HD 30652,F6V,8.068,2.710,1.250,2.129,3.270,5.288,0.133,0.517,4.031,4.769,2033.659,6.922,0.226,False
HD 30652_4,HD 30652,F6V,8.068,2.710,1.250,2.490,2.754,4.087,0.119,0.891,2.398,0.985,2033.107,7.908,0.096,False
HD 32147_0,HD 32147,K3+V,8.844,0.290,0.750,2.983,4.687,11.716,0.086,1.096,1.814,3.674,2034.250,13.360,0.413,False
HD 32147_1,HD 32147,K3+V,8.844,0.290,0.750,1.044,0.121,0.048,0.122,1.135,3.572,3.547,2034.982,4.364,0.121,False
HD 32147_2,HD 32147,K3+V,8.844,0.290,0.750,1.942,3.272,6.834,0.062,0.984,3.388,2.178,2031.605,10.352,0.273,False
HD 32147_3,HD 32147,K3+V,8.844,0.290,0.750,0.902,8.286,27.540,0.053,1.439,0.279,5.728,2023.685,0.705,0.235,False
HD 32147_4,HD 32147,K3+V,8.844,0.290,0.750,0.707,4.430,10.765,0.179,1.417,3.232,0.370,2025.784,0.313,0.297,False
HD 33262 A_0,HD 33262 A,F9V Fe-0.5,11.693,1.466,1.140,0.949,4.098,7.769,0.155,1.257,0.926,0.725,2032.134,1.694,0.296,False
HD 33262 A_1,HD 33262 A,F9V Fe-0.5,11.693,1.466,1.140,1.368,3.300,5.614,0.062,1.235,0.598,4.611,2031.563,1.882,0.390,False
HD 33262 A_2,HD 33262 A,F9V Fe-0.5,11.693,1.466,1.140,0.965,3.337,5.710,0.087,0.448,2.289,3.348,2033.116,1.077,0.345,False
HD 33262 A_3,HD 33262 A,F9V Fe-0.5,11.693,1.466,1.140,3.000,5.712,12.786,0.124,0.905,0.941,3.640,2026.694,11.872,0.306,False
HD 33262 A_4,HD 33262 A,F9V Fe-0.5,11.693,1.466,1.140,2.255,1.015,0.958,0.091,1.374,0.749,4.796,2034.929,7.575,0.127,True
HD 33262 A_5,HD 33262 A,F9V Fe-0.5,11.693,1.466,1.140,1.487,0.358,0.201,0.206,1.124,0.132,2.427,2034.966,2.230,0.078,False
HD 33262 A_6,HD 33262 A,F9V Fe-0.5,11.693,1.466,1.140,0.646,0.874,0.765,0.139,1.095,3.759,0.565,2034.911,0.068,0.301,False
HD 33262 A_7,HD 33262 A,F9V Fe-0.5,11.693,1.466,1.140,1.101,10.269,30.822,0.130,1.099,5.620,2.023,2010.377,0.328,0.312,False
HD 33262 A_8,HD 33262 A,F9V Fe-0.5,11.693,1.466,1.140,2.893,0.199,0.083,0.101,1.304,0.718,5.039,2034.954,7.577,0.168,False
HD 33262 A_9,HD 33262 A,F9V Fe-0.5,11.693,1.466,1.140,2.180,5.289,11.392,0.024,0.364,0.215,5.139,2026.719,5.424,0.137,False
HD 33262 A_10,HD 33262 A,F9V Fe-0.5,11.693,1.466,1.140,1.748,8.643,23.800,0.014,1.387,4.353,0.161,2014.596,3.705,0.142,False
HD 34411_0,HD 34411,G1.5V,12.562,1.732,1.080,3.192,0.295,0.154,0.082,0.227,3.450,4.308,2034.887,26.452,0.236,False
HD 34411_1,HD 34411,G1.5V,12.562,1.732,1.080,0.897,1.539,1.837,0.078,0.991,1.934,5.609,2033.566,1.413,0.302,True
HD 34411_2,HD 34411,G1.5V,12.562,1.732,1.080,1.721,5.361,11.943,0.013,0.640,0.835,1.303,2032.231,2.851,0.081,False
HD 34411_3,HD 34411,G1.5V,12.562,1.732,1.080,0.798,1.691,2.117,0.074,0.935,0.823,5.724,2033.081,0.550,0.290,True
HD 35296_0,HD 35296,F8V,14.579,1.778,1.180,0.899,8.897,24.432,0.089,0.789,0.624,2.203,2033.233,0.501,0.246,False
HD 39091_0,HD 39091,G0V,18.287,1.533,1.080,1.758,5.409,12.105,0.038,0.055,0.348,2.872,2032.543,3.758,0.141,False
HD 39091_1,HD 39091,G0V,18.287,1.533,1.080,1.191,3.120,5.303,0.028,0.718,0.294,0.624,2031.691,2.067,0.141,False
HD 39091_2,HD 39091,G0V,18.287,1.533,1.080,0.677,2.865,4.666,0.029,1.424,4.648,5.588,2034.872,0.368,0.292,False
HD 39091_3,HD 39091,G0V,18.287,1.533,1.080,1.069,3.550,6.436,0.072,0.981,4.746,4.753,2033.308,0.977,0.263,False
HD 39091_4,HD 39091,G0V,18.287,1.533,1.080,1.234,4.534,9.291,0.027,1.467,0.904,2.113,2032.844,2.966,0.369,False
HD 39091_5,HD 39091,G0V,18.287,1.533,1.080,1.310,1.437,1.658,0.051,0.350,3.597,2.474,2034.128,1.559,0.237,True
HD 39091_6,HD 39091,G0V,18.287,1.533,1.080,2.604,0.670,0.527,0.012,0.686,2.944,0.879,2034.534,9.064,0.135,False
HD 39091_7,HD 39091,G0V,18.287,1.533,1.080,3.112,6.170,14.747,0.097,1.170,3.432,2.037,2031.195,31.597,0.254,False
HD 37394_0,HD 37394,K1V,12.270,0.478,0.880,0.552,1.839,2.659,0.051,1.329,4.420,4.291,2033.352,0.135,0.326,False
HD 37394_1,HD 37394,K1V,12.270,0.478,0.880,1.934,0.501,0.378,0.058,0.816,4.618,3.376,2034.747,8.220,0.482,False
HD 37394_2,HD 37394,K1V,12.270,0.478,0.880,1.385,6.333,16.990,0.052,1.088,0.247,1.337,2022.274,2.666,0.305,False
HD 37394_3,HD 37394,K1V,12.270,0.478,0.880,1.502,1.245,1.481,0.044,1.520,4.570,1.984,2034.770,3.708,0.161,False
HD 37394_4,HD 37394,K1V,12.270,0.478,0.880,0.910,7.050,19.954,0.118,1.436,0.794,2.881,2018.584,0.666,0.320,False
HD 37394_5,HD 37394,K1V,12.270,0.478,0.880,1.111,0.152,0.063,0.102,0.848,6.150,1.307,2034.947,1.260,0.211,False
HD 37394_6,HD 37394,K1V,12.270,0.478,0.880,0.944,9.574,31.580,0.051,1.009,6.059,0.877,2025.523,0.461,0.294,False
HD 37394_7,HD 37394,K1V,12.270,0.478,0.880,0.675,9.492,31.174,0.095,1.197,3.092,0.928,2033.890,0.320,0.350,False
HD 37394_8,HD 37394,K1V,12.270,0.478,0.880,0.960,5.927,15.384,0.053,1.516,6.181,0.658,2031.028,0.466,0.353,False
HD 37394_9,HD 37394,K1V,12.270,0.478,0.880,0.726,0.863,0.854,0.077,0.947,1.939,2.803,2034.177,0.488,0.351,True
HD 37394_10,HD 37394,K1V,12.270,0.478,0.880,3.205,0.093,0.030,0.059,1.471,6.233,3.532,2034.972,19.869,0.186,False
HD 37394_11,HD 37394,K1V,12.270,0.478,0.880,2.415,1.171,1.350,0.065,0.319,3.263,1.575,2034.611,8.838,0.259,False
HD 37394_12,HD 37394,K1V,12.270,0.478,0.880,0.607,6.148,16.250,0.081,1.362,2.153,1.676,2032.745,0.133,0.302,False
HD 37394_13,HD 37394,K1V,12.270,0.478,0.880,2.228,4.583,10.459,0.100,0.412,2.610,5.150,2030.924,7.763,0.135,False
HD 37394_14,HD 37394,K1V,12.270,0.478,0.880,2.514,6.997,19.732,0.058,1.250,4.095,3.145,2026.842,7.581,0.025,False
HD 37394_15,HD 37394,K1V,12.270,0.478,0.880,1.093,0.222,0.111,0.142,0.469,5.103,3.105,2034.975,2.551,0.097,False
HD 37394_16,HD 37394,K1V,12.270,0.478,0.880,2.621,2.623,4.529,0.055,1.338,4.103,3.561,2031.381,4.867,0.119,False
HD 38392_0,HD 38392,K2.5V,8.892,0.280,0.810,0.657,6.900,20.141,0.076,0.750,0.486,3.391,2020.503,0.171,0.258,False
HD 38392_1,HD 38392,K2.5V,8.892,0.280,0.810,1.223,8.482,27.448,0.053,0.294,0.567,2.471,2014.415,0.505,0.246,False
HD 38393_0,HD 38393,F6.5V,8.905,2.344,1.230,1.088,0.205,0.084,0.072,1.135,1.171,0.923,2034.943,0.468,0.317,False
HD 38393_1,HD 38393,F6.5V,8.905,2.344,1.230,0.656,3.390,5.627,0.099,1.076,0.780,4.922,2032.628,0.550,0.319,False
HD 38393_2,HD 38393,F6.5V,8.905,2.344,1.230,2.087,10.191,29.335,0.041,0.355,4.182,1.665,2031.244,7.940,0.214,False
HD 38393_3,HD 38393,F6.5V,8.905,2.344,1.230,1.549,0.355,0.191,0.086,0.880,0.925,3.395,2034.992,2.515,0.151,False
HD 38393_4,HD 38393,F6.5V,8.905,2.344,1.230,1.208,4.373,8.246,0.052,1.337,4.415,5.651,2027.337,0.678,0.364,False
HD 43042_0,HD 43042,F5.5IV-V,21.776,2.936,1.290,0.558,4.095,7.295,0.078,0.812,0.211,2.971,2028.332,0.015,0.355,False
HD 43042_1,HD 43042,F5.5IV-V,21.776,2.936,1.290,0.533,0.434,0.251,0.110,1.197,1.338,2.500,2034.824,0.070,0.293,False
HD 43042_2,HD 43042,F5.5IV-V,21.776,2.936,1.290,1.180,5.437,11.162,0.036,0.827,3.546,6.218,2024.043,9.362,0.222,False
HD 43042_3,HD 43042,F5.5IV-V,21.776,2.936,1.290,0.733,0.724,0.542,0.140,1.133,4.777,3.010,2034.763,0.431,0.238,False
HD 43386_0,HD 43386,F5V,19.588,2.957,1.330,0.504,2.541,3.513,0.037,1.445,1.899,2.614,2033.398,0.057,0.284,True
HD 43386_1,HD 43386,F5V,19.588,2.957,1.330,1.584,1.141,1.057,0.101,1.114,1.008,1.046,2034.613,3.959,0.200,False
HD 43386_2,HD 43386,F5V,19.588,2.957,1.330,0.511,10.414,29.141,0.094,1.120,4.324,2.634,2010.533,0.030,0.311,False
HD 43386_3,HD 43386,F5V,19.588,2.957,1.330,1.072,0.289,0.135,0.045,1.138,2.690,3.228,2034.928,1.015,0.290,False
HD 46588 A_0,HD 46588 A,F8V,18.202,1.826,1.180,1.375,1.961,2.527,0.092,0.245,2.945,1.064,2034.807,2.635,0.285,True
HD 46588 A_1,HD 46588 A,F8V,18.202,1.826,1.180,1.615,7.447,18.707,0.115,1.339,5.337,1.186,2029.343,3.401,0.034,False
HD 46588 A_2,HD 46588 A,F8V,18.202,1.826,1.180,1.651,0.149,0.053,0.051,1.544,5.442,2.287,2034.965,4.810,0.243,False
HD 46588 A_3,HD 46588 A,F8V,18.202,1.826,1.180,0.519,6.548,15.426,0.076,1.295,4.948,3.461,2028.524,0.117,0.271,False
HD 46588 A_4,HD 46588 A,F8V,18.202,1.826,1.180,1.252,0.634,0.465,0.042,1.096,1.322,5.074,2034.652,2.662,0.313,False
HD 46588 A_5,HD 46588 A,F8V,18.202,1.826,1.180,0.593,0.119,0.038,0.052,0.019,4.958,2.528,2034.969,0.093,0.313,False
HD 46588 A_6,HD 46588 A,F8V,18.202,1.826,1.180,2.121,0.647,0.479,0.045,1.154,3.815,2.641,2034.819,8.206,0.436,False
HD 46588 A_7,HD 46588 A,F8V,18.202,1.826,1.180,1.256,1.085,1.041,0.088,1.343,1.741,2.498,2034.963,3.733,0.054,False
HD 46588 A_8,HD 46588 A,F8V,18.202,1.826,1.180,0.521,2.008,2.619,0.017,0.840,0.749,4.753,2033.424,0.048,0.275,True
HD 50692_0,HD 50692,G0V,17.405,1.293,1.080,2.831,3.950,7.553,0.040,1.164,0.411,3.046,2032.825,7.857,0.162,False
HD 50692_1,HD 50692,G0V,17.405,1.293,1.080,0.734,0.280,0.143,0.064,1.093,5.882,5.235,2034.923,0.807,0.269,False
HD 50692_2,HD 50692,G0V,17.405,1.293,1.080,1.798,0.513,0.354,0.081,0.994,6.161,1.407,2034.927,4.058,0.243,False
HD 50692_3,HD 50692,G0V,17.405,1.293,1.080,2.849,0.925,0.856,0.032,1.412,2.476,5.974,2034.960,17.557,0.132,True
HD 53705_0,HD 53705,G1.5V,17.059,1.490,1.040,1.735,0.273,0.140,0.081,1.175,1.889,4.102,2034.939,3.467,0.569,False
HD 53705_1,HD 53705,G1.5V,17.059,1.490,1.040,3.306,2.604,4.120,0.083,0.445,3.257,5.722,2034.356,24.009,0.349,False
HD 53705_2,HD 53705,G1.5V,17.059,1.490,1.040,2.478,1.597,1.978,0.089,1.505,5.268,1.898,2033.575,8.577,0.198,True
HD 53705_3,HD 53705,G1.5V,17.059,1.490,1.040,1.359,0.715,0.592,0.026,0.514,5.362,1.189,2034.615,2.719,0.302,False
HD 53705_4,HD 53705,G1.5V,17.059,1.490,1.040,2.437,0.527,0.375,0.092,0.778,1.612,2.803,2034.744,13.612,0.023,False
HD 55575_0,HD 55575,F9V,16.852,1.463,1.140,0.727,1.084,1.057,0.090,1.474,5.636,3.542,2034.953,0.241,0.316,True
HD 55575_1,HD 55575,F9V,16.852,1.463,1.140,0.578,0.133,0.046,0.053,0.990,2.612,4.648,2034.982,0.071,0.280,False
HD 55575_2,HD 55575,F9V,16.852,1.463,1.140,2.270,8.043,21.364,0.022,0.096,0.276,2.425,2014.044,5.898,0.315,False
HD 58855_0,HD 58855,F6V,20.402,2.445,1.160,2.746,3.917,7.197,0.055,1.177,4.930,3.124,2032.373,11.748,0.322,False
HD 58855_1,HD 58855,F6V,20.402,2.445,1.160,1.137,7.369,18.572,0.056,1.190,0.574,5.994,2033.361,0.522,0.312,False
HD 58855_2,HD 58855,F6V,20.402,2.445,1.160,0.731,8.294,22.178,0.095,0.519,2.129,2.918,2033.243,0.491,0.314,False
HD 58855_3,HD 58855,F6V,20.402,2.445,1.160,0.846,0.120,0.039,0.023,0.839,1.923,2.540,2034.968,0.368,0.243,False
HD 58855_4,HD 58855,F6V,20.402,2.445,1.160,0.530,1.787,2.217,0.062,1.568,3.289,5.603,2033.443,0.221,0.276,True
HD 58855_5,HD 58855,F6V,20.402,2.445,1.160,0.740,2.753,4.241,0.078,1.154,3.718,5.466,2032.432,0.063,0.372,False
HD 58855_6,HD 58855,F6V,20.402,2.445,1.160,0.670,3.408,5.842,0.008,0.824,0.317,5.729,2030.853,0.134,0.242,False
HD 58855_7,HD 58855,F6V,20.402,2.445,1.160,1.169,0.511,0.339,0.017,1.374,0.324,3.964,2034.749,0.530,0.194,False
HD 58855_8,HD 58855,F6V,20.402,2.445,1.160,1.665,3.679,6.551,0.020,1.189,1.092,1.483,2030.475,2.798,0.066,False
HD 65907 A_0,HD 65907 A,F9.5V,16.172,1.290,1.110,0.585,0.584,0.424,0.099,1.141,1.686,6.115,2034.686,0.169,0.207,False
HD 65907 A_1,HD 65907 A,F9.5V,16.172,1.290,1.110,0.982,1.316,1.433,0.075,1.277,1.934,6.059,2034.317,0.805,0.301,True
HD 65907 A_2,HD 65907 A,F9.5V,16.172,1.290,1.110,1.202,1.009,0.962,0.058,0.366,1.700,0.665,2034.148,1.577,0.302,True
HD 65907 A_3,HD 65907 A,F9.5V,16.172,1.290,1.110,0.623,10.072,30.338,0.024,1.138,0.138,6.120,2031.438,0.160,0.294,False
HD 65907 A_4,HD 65907 A,F9.5V,16.172,1.290,1.110,0.845,6.585,16.039,0.082,0.713,1.076,2.535,2025.913,0.612,0.361,False
HD 69897_0,HD 69897,F6V,18.223,2.425,1.250,0.747,7.063,16.789,0.106,1.420,4.829,5.364,2034.470,0.170,0.166,False
HD 69897_1,HD 69897,F6V,18.223,2.425,1.250,3.344,8.292,21.355,0.033,0.206,2.700,4.612,2017.940,18.967,0.200,False
