PlanetID,period,ecc,StarName,Rp_REarth,M_sol,FinalPosteriorEpoch,NDetectedEpochs
HD 10361_1,0.7520435587595345,0.0219216671824264,HD 10361,1.303,0.77,8,2
HD 10361_1,2.2062477157484177,0.081480355748312,HD 10361,1.303,0.77,8,2
HD 10361_1,0.7421023529271695,0.10351054685202492,HD 10361,1.303,0.77,8,2
HD 10361_1,0.6496474269658578,0.1153926081615509,HD 10361,1.303,0.77,8,2
HD 10361_1,0.6790103519339974,0.14612227728759336,HD 10361,1.303,0.77,8,2
HD 10361_1,0.6461412915921717,0.26553906744016637,HD 10361,1.303,0.77,8,2
HD 10361_1,0.7838515177629355,0.13469274308707405,HD 10361,1.303,0.77,8,2
HD 10361_1,0.6990293219957554,0.14432439390923302,HD 10361,1.303,0.77,8,2
HD 10361_1,0.6995415282764189,0.25136368068501874,HD 10361,1.303,0.77,8,2
HD 10361_1,0.7057315828904774,0.07564536920162819,HD 10361,1.303,0.77,8,2
HD 10361_1,0.7125788332201541,0.4398625200114095,HD 10361,1.303,0.77,8,2
HD 10361_1,0.638662651161731,0.051607985291252524,HD 10361,1.303,0.77,8,2
HD 10361_1,1.2933568917931828,0.0013698472294742027,HD 10361,1.303,0.77,8,2
HD 10361_1,0.7338310045664783,0.003947781769068641,HD 10361,1.303,0.77,8,2
HD 10361_1,2.213228627883395,0.04776898649236816,HD 10361,1.303,0.77,8,2
HD 10361_1,0.6812834721932121,0.1612378485790528,HD 10361,1.303,0.77,8,2
HD 10361_1,0.7754417227420869,0.10775509229974749,HD 10361,1.303,0.77,8,2
HD 10361_1,0.757262374927281,0.023234136589075312,HD 10361,1.303,0.77,8,2
HD 10361_1,0.7697373057584949,0.14557183315001573,HD 10361,1.303,0.77,8,2
HD 10361_1,0.7332191001833454,0.0544348424720834,HD 10361,1.303,0.77,8,2
HD 10361_1,0.7172913672828074,0.12387461503613877,HD 10361,1.303,0.77,8,2
HD 10361_1,0.7175270144133995,0.014104963683030993,HD 10361,1.303,0.77,8,2
HD 10361_1,1.8679436651657628,0.02848817209290751,HD 10361,1.303,0.77,8,2
HD 10361_1,0.7461840362216117,0.06457440851102852,HD 10361,1.303,0.77,8,2
HD 10361_1,0.6558004420682991,0.07931974675616399,HD 10361,1.303,0.77,8,2
HD 10361_1,0.7172530713262848,0.0030796825836998483,HD 10361,1.303,0.77,8,2
HD 10361_1,0.7419818744263632,0.07133204016058739,HD 10361,1.303,0.77,8,2
HD 10361_1,0.7322297426804196,0.07066995191455805,HD 10361,1.303,0.77,8,2
HD 10361_1,1.2592066925382217,0.3554966779768998,HD 10361,1.303,0.77,8,2
HD 10361_1,0.6625217714534153,0.08172650206232573,HD 10361,1.303,0.77,8,2
HD 10361_1,0.7933609127464416,0.2035074487238379,HD 10361,1.303,0.77,8,2
HD 10361_1,0.7349898548736684,0.00390306841575141,HD 10361,1.303,0.77,8,2
HD 10361_1,0.7188273089427966,0.007505263956454188,HD 10361,1.303,0.77,8,2
HD 10361_1,0.6374223014773276,0.025186554169593985,HD 10361,1.303,0.77,8,2
HD 10361_1,0.725120689410472,0.028649426507604835,HD 10361,1.303,0.77,8,2
HD 10361_1,0.7564394354502472,0.022576429799608805,HD 10361,1.303,0.77,8,2
HD 10361_1,0.6339461448837889,0.019524339846391407,HD 10361,1.303,0.77,8,2
HD 10361_1,2.452122008038134,0.12033907026099376,HD 10361,1.303,0.77,8,2
HD 10361_1,0.649631754513907,0.059850428693282005,HD 10361,1.303,0.77,8,2
HD 10361_1,0.7305275555463333,0.0711943871579134,HD 10361,1.303,0.77,8,2
HD 10361_1,0.7374563245350795,0.0008819666874550863,HD 10361,1.303,0.77,8,2
HD 10361_1,0.7054774460726423,0.3036773836809862,HD 10361,1.303,0.77,8,2
HD 10361_1,0.6760840087915466,0.1470260486348728,HD 10361,1.303,0.77,8,2
HD 10361_1,0.7036680837545264,0.054438716145103545,HD 10361,1.303,0.77,8,2
HD 10361_1,0.7975642067065997,0.24065079969089392,HD 10361,1.303,0.77,8,2
HD 10361_1,0.6604927174359568,0.2658836863843404,HD 10361,1.303,0.77,8,2
HD 10361_1,0.7389683279608834,0.011495955963473085,HD 10361,1.303,0.77,8,2
HD 10361_1,0.6950425846704816,0.11252360347754498,HD 10361,1.303,0.77,8,2
HD 10361_1,1.2789329485370773,0.025772584283106362,HD 10361,1.303,0.77,8,2
HD 10361_1,0.7343676703917875,0.07319803707327104,HD 10361,1.303,0.77,8,2
HD 10361_1,0.7619209544414111,0.0247557942973116,HD 10361,1.303,0.77,8,2
HD 10361_1,0.7031296142647903,0.0990483086329905,HD 10361,1.303,0.77,8,2
HD 10361_1,0.7394068018788341,0.3821609459379298,HD 10361,1.303,0.77,8,2
HD 10361_1,0.7602712568497538,0.12757933182231804,HD 10361,1.303,0.77,8,2
HD 10361_1,0.645014807703974,0.028055008513200475,HD 10361,1.303,0.77,8,2
HD 10361_1,0.7626924382175243,0.049879543259989244,HD 10361,1.303,0.77,8,2
HD 10361_1,0.7379337018414575,0.022426322145097776,HD 10361,1.303,0.77,8,2
HD 10361_1,0.7685447272010989,0.014098699073202593,HD 10361,1.303,0.77,8,2
HD 10361_1,0.7259103019913693,0.003539276248404474,HD 10361,1.303,0.77,8,2
HD 10361_1,0.6866966505478898,0.166401502561826,HD 10361,1.303,0.77,8,2
HD 10361_1,0.6423836056236781,0.0028455788938221366,HD 10361,1.303,0.77,8,2
HD 10361_1,0.7440477671770849,0.015311686181237754,HD 10361,1.303,0.77,8,2
HD 10361_1,0.6397071555261257,0.043313110079521835,HD 10361,1.303,0.77,8,2
HD 10361_1,0.6751635379358116,0.16211705623798697,HD 10361,1.303,0.77,8,2
HD 10361_1,0.7372831740885022,0.06799383284494431,HD 10361,1.303,0.77,8,2
HD 10361_1,0.6737033300636591,0.18666858742675044,HD 10361,1.303,0.77,8,2
HD 10361_1,0.7680878449799694,0.13923198185182334,HD 10361,1.303,0.77,8,2
HD 10361_1,0.6349813520539774,0.08276333990885074,HD 10361,1.303,0.77,8,2
HD 10361_1,0.6862357367305565,0.2085377783550939,HD 10361,1.303,0.77,8,2
HD 10361_1,0.6591681406961947,0.0919014894792797,HD 10361,1.303,0.77,8,2
HD 10361_1,0.7094466918119088,0.04854538843664997,HD 10361,1.303,0.77,8,2
HD 10361_1,2.440567535905976,0.07865775951933043,HD 10361,1.303,0.77,8,2
HD 10361_1,1.4027344329952618,0.3979164326660576,HD 10361,1.303,0.77,8,2
HD 10361_1,0.7671491676015142,0.05194349661601742,HD 10361,1.303,0.77,8,2
HD 10361_1,0.7197023725556911,0.08887867119030643,HD 10361,1.303,0.77,8,2
HD 10361_1,0.7126172836604528,0.12700372166561633,HD 10361,1.303,0.77,8,2
HD 10361_1,0.7586956356239207,0.08030934257312818,HD 10361,1.303,0.77,8,2
HD 10361_1,0.6381279856473806,0.005183209930465161,HD 10361,1.303,0.77,8,2
HD 10361_1,0.6578717470859958,0.2108575674899971,HD 10361,1.303,0.77,8,2
HD 10361_1,0.6763387147195006,0.29323124363814046,HD 10361,1.303,0.77,8,2
HD 10361_1,0.7406317261926112,0.11219007518461357,HD 10361,1.303,0.77,8,2
HD 10361_1,0.761153400092077,0.08510974558498652,HD 10361,1.303,0.77,8,2
HD 10361_1,0.6420617116300527,0.03201658940708366,HD 10361,1.303,0.77,8,2
HD 10361_1,0.693726272014356,0.10487572952395569,HD 10361,1.303,0.77,8,2
HD 10361_1,0.7554774232275312,0.053640307045281756,HD 10361,1.303,0.77,8,2
HD 10361_1,0.7145248013843989,0.05787540938136691,HD 10361,1.303,0.77,8,2
HD 10361_1,0.6308910903206704,0.30404462903133467,HD 10361,1.303,0.77,8,2
HD 10361_1,0.6434041458617777,0.10059879591786487,HD 10361,1.303,0.77,8,2
HD 10361_1,0.7405960059746443,0.0297809627683963,HD 10361,1.303,0.77,8,2
HD 10361_1,0.7033268015212928,0.047609906130724876,HD 10361,1.303,0.77,8,2
HD 10361_1,0.6356821421742564,0.09518082126849363,HD 10361,1.303,0.77,8,2
HD 10361_1,0.7099122551529093,0.03716256289477412,HD 10361,1.303,0.77,8,2
HD 10361_1,0.713110254646477,0.024941438989167352,HD 10361,1.303,0.77,8,2
HD 10361_1,0.725003878008397,0.3472735787986164,HD 10361,1.303,0.77,8,2
HD 10361_1,0.7300566433407567,0.025861588027569944,HD 10361,1.303,0.77,8,2
HD 10361_1,0.7530437761725028,0.004510077229821954,HD 10361,1.303,0.77,8,2
HD 10361_1,0.6776603610970787,0.19797208057501922,HD 10361,1.303,0.77,8,2
HD 10361_1,0.7625236058369351,0.06412204562354419,HD 10361,1.303,0.77,8,2
HD 10361_1,0.6973904721640757,0.12364385028016117,HD 10361,1.303,0.77,8,2
HD 10361_1,0.707625294970624,0.05641038397380004,HD 10361,1.303,0.77,8,2
HD 10361_1,1.7560232733584484,0.20212955240164826,HD 10361,1.303,0.77,8,2
HD 10361_1,1.2155946289904989,0.3666347415443048,HD 10361,1.303,0.77,8,2
HD 10361_1,0.6887022358458673,0.11591113284225385,HD 10361,1.303,0.77,8,2
HD 10361_1,0.7981760760615624,0.218605969795549,HD 10361,1.303,0.77,8,2
HD 10361_1,0.6514384135846023,0.07494720111056336,HD 10361,1.303,0.77,8,2
HD 10361_1,0.756354847458669,0.09538876135736683,HD 10361,1.303,0.77,8,2
HD 10361_1,0.6946591328387729,0.23419422398761133,HD 10361,1.303,0.77,8,2
HD 10361_1,0.6461620391351393,0.09809494278216024,HD 10361,1.303,0.77,8,2
HD 10361_1,0.7358874707109853,0.06298002839103013,HD 10361,1.303,0.77,8,2
HD 10361_1,0.7497742983748119,0.009220398334442532,HD 10361,1.303,0.77,8,2
HD 10361_1,0.6436563291801012,9.543670458027055e-05,HD 10361,1.303,0.77,8,2
HD 10361_1,0.6632238815609728,0.08942174194266006,HD 10361,1.303,0.77,8,2
HD 10361_1,0.6851855409373514,0.1629593792320292,HD 10361,1.303,0.77,8,2
HD 10361_1,0.7458140828709153,0.016050291132998547,HD 10361,1.303,0.77,8,2
HD 10361_1,0.8130445958080341,0.22667792356606015,HD 10361,1.303,0.77,8,2
HD 10361_1,0.6586442046538349,0.1594332748082475,HD 10361,1.303,0.77,8,2
HD 10361_1,0.7304600458059843,0.04167042742908238,HD 10361,1.303,0.77,8,2
HD 10361_1,0.7147078426593702,0.1003606490145551,HD 10361,1.303,0.77,8,2
HD 10361_1,0.707086092371751,0.041761177889709754,HD 10361,1.303,0.77,8,2
HD 10361_1,0.7459158633671024,0.04353544450396191,HD 10361,1.303,0.77,8,2
HD 10361_1,0.6495929260477944,0.06938999470570245,HD 10361,1.303,0.77,8,2
HD 10361_1,0.7410605457659216,0.35655498613400327,HD 10361,1.303,0.77,8,2
HD 10361_1,0.7692208020099802,0.12669612679554226,HD 10361,1.303,0.77,8,2
HD 10361_1,0.6734492615383372,0.14756668899154718,HD 10361,1.303,0.77,8,2
HD 10361_1,0.6615448738991417,0.21401534825147453,HD 10361,1.303,0.77,8,2
HD 10361_1,0.6796409916852406,0.15207097615600043,HD 10361,1.303,0.77,8,2
HD 10361_1,0.6568202876867765,0.06799774063914985,HD 10361,1.303,0.77,8,2
HD 10361_1,0.732294649829174,0.003236882732529887,HD 10361,1.303,0.77,8,2
HD 10361_1,0.6906254043910427,0.2515251304153224,HD 10361,1.303,0.77,8,2
HD 10361_1,0.7310610226507441,0.09897492286515747,HD 10361,1.303,0.77,8,2
HD 10361_1,0.7309965902635145,0.021984114297125847,HD 10361,1.303,0.77,8,2
HD 10361_1,0.7002998750301278,0.06117711694353866,HD 10361,1.303,0.77,8,2
HD 10361_1,0.6955443779201484,0.08882910003734376,HD 10361,1.303,0.77,8,2
HD 10361_1,1.2924505838435023,0.0019482676996549727,HD 10361,1.303,0.77,8,2
HD 10361_1,0.6833693991920377,0.13523880851348943,HD 10361,1.303,0.77,8,2
HD 10361_1,0.7243371055262581,0.14344540883139903,HD 10361,1.303,0.77,8,2
HD 10361_1,0.7627114897612373,0.055166657091631634,HD 10361,1.303,0.77,8,2
HD 10361_1,0.7200234873652048,0.05170334448488211,HD 10361,1.303,0.77,8,2
HD 10361_1,9.381442251799397,0.6447341544660097,HD 10361,1.303,0.77,8,2
HD 10361_1,0.6936265301135544,0.25827525648198896,HD 10361,1.303,0.77,8,2
HD 10361_1,0.7193148930820119,0.35974285187456734,HD 10361,1.303,0.77,8,2
HD 10361_1,0.7456931859063888,0.11461270238163693,HD 10361,1.303,0.77,8,2
HD 10361_1,0.6364554705961051,0.042082667653466035,HD 10361,1.303,0.77,8,2
HD 10361_1,0.6723877098922715,0.14528701548511005,HD 10361,1.303,0.77,8,2
HD 10361_1,0.6385831826566162,0.04007739736193987,HD 10361,1.303,0.77,8,2
HD 10361_1,0.7801848983559805,0.0014777595577162993,HD 10361,1.303,0.77,8,2
HD 10361_1,0.756197058993357,0.1412782431326019,HD 10361,1.303,0.77,8,2
HD 10361_1,1.298722329050513,0.06350151966129981,HD 10361,1.303,0.77,8,2
HD 10361_1,0.6608887520866564,0.15941742071381798,HD 10361,1.303,0.77,8,2
HD 10361_1,0.704378894669866,0.16575717578343926,HD 10361,1.303,0.77,8,2
HD 10361_1,0.7144615245222546,0.05757413666612143,HD 10361,1.303,0.77,8,2
HD 10361_1,0.7625691610079203,0.02224620160611871,HD 10361,1.303,0.77,8,2
HD 10361_1,0.7313456293273504,0.03844031422670223,HD 10361,1.303,0.77,8,2
HD 10361_1,0.6346243436339348,0.036571292987946646,HD 10361,1.303,0.77,8,2
HD 10361_1,1.305723957184661,0.07634183885961396,HD 10361,1.303,0.77,8,2
HD 10361_1,0.7419404986718813,0.018895800609254956,HD 10361,1.303,0.77,8,2
HD 10361_1,0.7357442549075239,0.15783616316985408,HD 10361,1.303,0.77,8,2
HD 10361_1,0.6608881553257652,0.09763135600105904,HD 10361,1.303,0.77,8,2
HD 10361_1,0.7076173487649801,0.09143092429730625,HD 10361,1.303,0.77,8,2
HD 10361_1,0.8047351164684075,0.20951904144339928,HD 10361,1.303,0.77,8,2
HD 10361_1,0.6895065812966303,0.1894726132307097,HD 10361,1.303,0.77,8,2
HD 10361_1,1.2458261681267662,0.19072221494734445,HD 10361,1.303,0.77,8,2
HD 10361_1,0.7568741694388421,0.009653251903350691,HD 10361,1.303,0.77,8,2
HD 10361_1,0.6451418710795663,0.05239856600484308,HD 10361,1.303,0.77,8,2
HD 10361_1,0.6737168238635027,0.20806308554439276,HD 10361,1.303,0.77,8,2
HD 10361_1,0.711538167210874,0.015592369777752031,HD 10361,1.303,0.77,8,2
HD 10361_1,0.6928303224211247,0.353102276325805,HD 10361,1.303,0.77,8,2
HD 10361_1,0.7182291397043733,0.08765402857836707,HD 10361,1.303,0.77,8,2
HD 10361_1,0.7226473695972955,0.061717079215297996,HD 10361,1.303,0.77,8,2
HD 10361_1,0.6722121598475383,0.19599651559746217,HD 10361,1.303,0.77,8,2
HD 10361_1,0.6771756110509518,0.13749427076590312,HD 10361,1.303,0.77,8,2
HD 10361_1,0.7191155637621351,0.028511462329680413,HD 10361,1.303,0.77,8,2
HD 10361_1,0.6397549268889635,0.0030255466390899685,HD 10361,1.303,0.77,8,2
HD 10361_1,0.7144286671016163,0.013930195495840802,HD 10361,1.303,0.77,8,2
HD 10361_1,1.9842483423971795,0.25707773243929083,HD 10361,1.303,0.77,8,2
HD 10361_1,0.722306123758608,0.03941070936550113,HD 10361,1.303,0.77,8,2
HD 10361_1,0.6832159354059033,0.22570857100522596,HD 10361,1.303,0.77,8,2
HD 10361_1,0.6382434611998293,0.0039763268261206455,HD 10361,1.303,0.77,8,2
HD 10361_1,2.0419102276201624,0.0712211169734126,HD 10361,1.303,0.77,8,2
HD 10361_1,0.7384627148932802,0.1527142015558303,HD 10361,1.303,0.77,8,2
HD 10361_1,0.7849933183524836,0.15021755971891348,HD 10361,1.303,0.77,8,2
HD 10361_1,0.6595507437544488,0.2601751285505759,HD 10361,1.303,0.77,8,2
HD 10361_1,0.8044709973550743,0.24086288692609126,HD 10361,1.303,0.77,8,2
HD 10361_1,1.3356675792303905,0.16746114575961232,HD 10361,1.303,0.77,8,2
HD 10361_1,0.727270325035479,0.13125630068357022,HD 10361,1.303,0.77,8,2
HD 10361_1,0.6440783126251854,0.008517695239299732,HD 10361,1.303,0.77,8,2
HD 10361_1,0.7023459335385264,0.2556774537746121,HD 10361,1.303,0.77,8,2
HD 10361_1,0.6408959271083039,0.0020202050951502347,HD 10361,1.303,0.77,8,2
HD 10361_1,0.7436850649278643,0.1616868381956807,HD 10361,1.303,0.77,8,2
HD 10361_1,0.7125354450272691,0.04974718135901954,HD 10361,1.303,0.77,8,2
HD 10361_1,0.7198298070954254,0.0002911205257091532,HD 10361,1.303,0.77,8,2
HD 10361_1,0.7251339539149088,0.034968149888533646,HD 10361,1.303,0.77,8,2
HD 10361_1,0.7507769756578451,0.04308582556990509,HD 10361,1.303,0.77,8,2
HD 10361_1,3.001056398221366,0.3195190030600566,HD 10361,1.303,0.77,8,2
HD 10361_1,0.7334569251397294,0.014476147560412852,HD 10361,1.303,0.77,8,2
HD 10361_1,0.6513892136124924,0.11918841286237661,HD 10361,1.303,0.77,8,2
HD 10361_1,0.7201612296080501,0.3055660995152547,HD 10361,1.303,0.77,8,2
HD 10361_1,0.7351228901440723,0.08030072198330412,HD 10361,1.303,0.77,8,2
HD 10361_1,0.668493793214952,0.13238418200983687,HD 10361,1.303,0.77,8,2
HD 10361_1,0.758559143893258,0.10152956174587288,HD 10361,1.303,0.77,8,2
HD 10361_1,0.7025964558128965,0.26081946471258444,HD 10361,1.303,0.77,8,2
HD 10361_1,0.7247786696452554,0.04233224742614522,HD 10361,1.303,0.77,8,2
HD 10361_1,0.7473833012061357,0.0049099103673004565,HD 10361,1.303,0.77,8,2
HD 10361_1,0.6633285016057917,0.07289858983328426,HD 10361,1.303,0.77,8,2
HD 10361_1,0.6600322909468694,0.29713660924091423,HD 10361,1.303,0.77,8,2
HD 10361_1,0.7014330609263784,0.074167856951398,HD 10361,1.303,0.77,8,2
HD 10361_1,0.7406990952511321,0.05290388920121245,HD 10361,1.303,0.77,8,2
HD 10361_1,1.8533178109220467,0.00136350245943863,HD 10361,1.303,0.77,8,2
HD 10361_1,1.583573837172199,0.209867456995335,HD 10361,1.303,0.77,8,2
HD 10361_1,0.6739235120373102,0.09737338155832648,HD 10361,1.303,0.77,8,2
HD 10361_1,0.7171146469318452,0.03249802192628997,HD 10361,1.303,0.77,8,2
HD 10361_1,0.7557908462340611,0.10081960927444711,HD 10361,1.303,0.77,8,2
HD 10361_1,0.7858156563699802,0.17666602058626255,HD 10361,1.303,0.77,8,2
HD 10361_1,0.6636593490508997,0.20971418606102576,HD 10361,1.303,0.77,8,2
HD 10361_1,0.7246441150242796,0.0450925372126503,HD 10361,1.303,0.77,8,2
HD 10361_1,0.6890503273164665,0.21752244431375486,HD 10361,1.303,0.77,8,2
HD 10361_1,0.747592418883659,0.023739422995235907,HD 10361,1.303,0.77,8,2
HD 10361_1,0.6773254800263565,0.22223245560025584,HD 10361,1.303,0.77,8,2
HD 10361_1,0.7477226975657548,0.10070354429236483,HD 10361,1.303,0.77,8,2
HD 10361_1,0.6874599217662133,0.21843443683346495,HD 10361,1.303,0.77,8,2
HD 10361_1,0.71302134401142,0.3383662574881857,HD 10361,1.303,0.77,8,2
HD 10361_1,0.6645496748069145,0.1326897291419364,HD 10361,1.303,0.77,8,2
HD 10361_1,0.7403625620499933,0.06651952795834716,HD 10361,1.303,0.77,8,2
HD 10361_1,0.6531535203155615,0.05908388454080466,HD 10361,1.303,0.77,8,2
HD 10361_1,0.7246678527258562,0.032570769572779434,HD 10361,1.303,0.77,8,2
HD 10361_1,0.8173077468972803,0.2616646775211421,HD 10361,1.303,0.77,8,2
HD 10361_1,1.804930023223454,0.18353038722945514,HD 10361,1.303,0.77,8,2
HD 10361_1,0.7005482584850468,0.11579280166972998,HD 10361,1.303,0.77,8,2
HD 10361_1,1.8229364999527224,0.18413052388326606,HD 10361,1.303,0.77,8,2
HD 10361_1,1.656879777255537,0.20664164865779167,HD 10361,1.303,0.77,8,2
HD 10361_1,0.7263875236612244,0.001969596009020774,HD 10361,1.303,0.77,8,2
HD 10361_1,0.8125410327446044,0.2295148669612246,HD 10361,1.303,0.77,8,2
HD 10361_1,0.7516485730959113,0.07350429353829072,HD 10361,1.303,0.77,8,2
HD 10361_1,0.6493839643789119,0.09820085422559664,HD 10361,1.303,0.77,8,2
HD 10361_1,3.542306953482337,0.4582640001301328,HD 10361,1.303,0.77,8,2
HD 10361_1,0.7645328873295277,0.044867304431202286,HD 10361,1.303,0.77,8,2
HD 10361_1,0.7543586778654873,0.051997520880709136,HD 10361,1.303,0.77,8,2
HD 10361_1,0.8001644309733098,0.2237343611681225,HD 10361,1.303,0.77,8,2
HD 10361_1,0.7234165245538957,0.06951453466066379,HD 10361,1.303,0.77,8,2
HD 10361_1,0.6965371807990824,0.12671388971606268,HD 10361,1.303,0.77,8,2
HD 10361_1,0.7205943118518011,0.022536983557862066,HD 10361,1.303,0.77,8,2
HD 10361_1,3.094919907578128,0.2899776197779751,HD 10361,1.303,0.77,8,2
HD 10361_1,0.724392755859337,0.009555151013546698,HD 10361,1.303,0.77,8,2
HD 10361_1,0.7435348198998246,0.34482259057195286,HD 10361,1.303,0.77,8,2
HD 10361_1,0.761848879192141,0.1373145976829791,HD 10361,1.303,0.77,8,2
HD 10361_1,0.7051279637631577,0.05190064931662313,HD 10361,1.303,0.77,8,2
HD 10361_1,0.6522366286979286,0.06053560908856929,HD 10361,1.303,0.77,8,2
HD 10361_1,0.7146018390191761,0.16799867058351642,HD 10361,1.303,0.77,8,2
HD 10361_1,0.6328725018996755,0.0057165619066278425,HD 10361,1.303,0.77,8,2
HD 10361_1,0.7603654737082894,0.12322049044793881,HD 10361,1.303,0.77,8,2
HD 10361_1,0.7171417380426273,0.03830977025109839,HD 10361,1.303,0.77,8,2
HD 10361_1,0.7166591670549133,0.02045679366676142,HD 10361,1.303,0.77,8,2
HD 10361_1,0.7102208069064534,0.09379996475053085,HD 10361,1.303,0.77,8,2
HD 10361_1,0.6758579833613576,0.16819071917306846,HD 10361,1.303,0.77,8,2
HD 10361_1,0.7550649148977598,0.047492427298406685,HD 10361,1.303,0.77,8,2
HD 10361_1,0.6833235798547017,0.21951812926838016,HD 10361,1.303,0.77,8,2
HD 10361_1,0.7462701669229771,0.03913270824239734,HD 10361,1.303,0.77,8,2
HD 10361_1,0.6662755477524449,0.1463600766249591,HD 10361,1.303,0.77,8,2
HD 10361_1,0.7110496314249746,0.06511537436082929,HD 10361,1.303,0.77,8,2
HD 10361_1,1.2756179002712276,0.012650977131023793,HD 10361,1.303,0.77,8,2
HD 10361_1,0.7422263195351858,0.08498612003370429,HD 10361,1.303,0.77,8,2
HD 10361_1,0.6957753295621567,0.11389493041965494,HD 10361,1.303,0.77,8,2
HD 10361_1,1.4916750240457948,0.22679469373770433,HD 10361,1.303,0.77,8,2
HD 10361_1,0.7226622229682665,0.19115255884661506,HD 10361,1.303,0.77,8,2
HD 10361_1,0.7236441160840283,0.021540554134881276,HD 10361,1.303,0.77,8,2
HD 10361_1,0.700604947012254,0.18199572423628255,HD 10361,1.303,0.77,8,2
HD 10361_1,0.737496072062369,0.03683082968959671,HD 10361,1.303,0.77,8,2
HD 10361_1,0.7237042904931499,0.007034732358914625,HD 10361,1.303,0.77,8,2
HD 10361_1,0.7007576166133714,0.24709320197550208,HD 10361,1.303,0.77,8,2
HD 10361_1,0.7383474316243953,0.04669233837070838,HD 10361,1.303,0.77,8,2
HD 10361_1,0.7032205494973254,0.05953624176404218,HD 10361,1.303,0.77,8,2
HD 10361_1,1.9962647021290594,0.056079857139955135,HD 10361,1.303,0.77,8,2
HD 10361_1,0.6690743133079657,0.15170556311441852,HD 10361,1.303,0.77,8,2
HD 10361_1,0.6455338240300018,0.039567736672936636,HD 10361,1.303,0.77,8,2
HD 10361_1,0.6855096924712485,0.17520540380537852,HD 10361,1.303,0.77,8,2
HD 10361_1,0.7323964075880696,0.048894085613421324,HD 10361,1.303,0.77,8,2
HD 10361_1,0.7347013549059497,0.01362829750320248,HD 10361,1.303,0.77,8,2
HD 10361_1,0.7252692727920953,0.02902146240316691,HD 10361,1.303,0.77,8,2
HD 10361_1,0.7397339356503256,0.026617990947567786,HD 10361,1.303,0.77,8,2
HD 10361_1,0.7490015840454353,0.11924681120068817,HD 10361,1.303,0.77,8,2
HD 10361_1,0.7407918665180026,0.08295350430038317,HD 10361,1.303,0.77,8,2
HD 10361_1,1.3796060232326017,0.28461963613906693,HD 10361,1.303,0.77,8,2
HD 10361_1,0.7492383071807872,0.09700465070273008,HD 10361,1.303,0.77,8,2
HD 10361_1,0.6659382491747542,0.11104646316661666,HD 10361,1.303,0.77,8,2
HD 10361_1,0.7040548287049235,0.2867065752410708,HD 10361,1.303,0.77,8,2
HD 10361_1,0.7047115793407752,0.053173742426011125,HD 10361,1.303,0.77,8,2
HD 10361_1,0.6475995307020385,0.05560777577576785,HD 10361,1.303,0.77,8,2
HD 10361_1,0.7598701064403465,0.014101239509558917,HD 10361,1.303,0.77,8,2
HD 10361_1,0.7609557562419449,0.11803684971377662,HD 10361,1.303,0.77,8,2
HD 10361_1,0.6593463432846167,0.07908751365926274,HD 10361,1.303,0.77,8,2
HD 10361_1,3.2815136627058723,0.6077348229247425,HD 10361,1.303,0.77,8,2
HD 10361_1,0.7221381978874112,0.02750583773458406,HD 10361,1.303,0.77,8,2
HD 10361_1,0.6419923484879421,4.474196508717244e-05,HD 10361,1.303,0.77,8,2
HD 10361_1,0.7339580855376147,0.04630054969319739,HD 10361,1.303,0.77,8,2
HD 10361_1,0.6786972603273485,0.18840646375576756,HD 10361,1.303,0.77,8,2
HD 10361_1,0.6904313608453148,0.2356273912762232,HD 10361,1.303,0.77,8,2
HD 10361_1,0.7561792304017936,7.000778815338334e-06,HD 10361,1.303,0.77,8,2
HD 10361_1,0.7172269248800269,0.35999820680463757,HD 10361,1.303,0.77,8,2
HD 10361_1,0.6630140239518199,0.12642125768250925,HD 10361,1.303,0.77,8,2
HD 10361_1,0.7008635088967071,0.2067971808937698,HD 10361,1.303,0.77,8,2
HD 10361_1,0.711136607061827,0.07689849988027914,HD 10361,1.303,0.77,8,2
HD 10361_1,0.6617436780118282,0.22140953904375027,HD 10361,1.303,0.77,8,2
HD 10361_1,0.7409469290384167,0.003152746791251978,HD 10361,1.303,0.77,8,2
HD 10361_1,0.7167449855052697,0.012700804547544721,HD 10361,1.303,0.77,8,2
HD 10361_1,0.645355916411561,0.01486418795160439,HD 10361,1.303,0.77,8,2
HD 10361_1,0.7162046859005732,0.041360724205583045,HD 10361,1.303,0.77,8,2
HD 10361_1,0.6409731756557203,0.013480502681475982,HD 10361,1.303,0.77,8,2
HD 10361_1,0.7199224981536443,0.012475043081732142,HD 10361,1.303,0.77,8,2
HD 10361_1,0.7598837822311092,0.06550120422859164,HD 10361,1.303,0.77,8,2
HD 10361_1,0.714077031139084,0.10134661631781586,HD 10361,1.303,0.77,8,2
HD 10361_1,0.690262889008387,0.10880636064879821,HD 10361,1.303,0.77,8,2
HD 10361_1,0.663663350176196,0.21654861510535797,HD 10361,1.303,0.77,8,2
HD 10361_1,0.6495548287376615,0.139107215935688,HD 10361,1.303,0.77,8,2
HD 10361_1,0.7430061573647099,0.04860803658583651,HD 10361,1.303,0.77,8,2
HD 10361_1,0.7467600943705128,0.01984627035946606,HD 10361,1.303,0.77,8,2
HD 10361_1,1.8688685094778503,0.003583481347687776,HD 10361,1.303,0.77,8,2
HD 10361_1,0.7639309204920245,0.13241656085921769,HD 10361,1.303,0.77,8,2
HD 10361_1,0.7703541988612266,0.10547564649449438,HD 10361,1.303,0.77,8,2
HD 10361_1,0.6502436589654917,0.050958469988240336,HD 10361,1.303,0.77,8,2
HD 10361_1,0.7178863787638536,0.00014177300334249096,HD 10361,1.303,0.77,8,2
HD 10361_1,0.6565028047538335,0.10833439932851781,HD 10361,1.303,0.77,8,2
HD 10361_1,1.800332781904172,0.17539922340097255,HD 10361,1.303,0.77,8,2
HD 10361_1,0.7369345799646416,0.05747529472000494,HD 10361,1.303,0.77,8,2
HD 10361_1,0.7218050808662324,0.020796480107294447,HD 10361,1.303,0.77,8,2
HD 10361_1,0.6660095813446811,0.08955136560797365,HD 10361,1.303,0.77,8,2
HD 10361_1,0.6813369019959546,0.20451201647334147,HD 10361,1.303,0.77,8,2
HD 10361_1,0.716876042068385,0.12153636937361367,HD 10361,1.303,0.77,8,2
HD 10361_1,0.6412545052872007,0.0335199522294341,HD 10361,1.303,0.77,8,2
HD 10361_1,0.6489278091393367,0.04619598835135372,HD 10361,1.303,0.77,8,2
HD 10361_1,0.7926953089810506,0.11043396187791539,HD 10361,1.303,0.77,8,2
HD 10361_1,0.7009115930721938,0.08280155049593148,HD 10361,1.303,0.77,8,2
HD 10361_1,0.751706506856661,0.02098172531980041,HD 10361,1.303,0.77,8,2
HD 10361_1,0.6695941524211155,0.1179047845773462,HD 10361,1.303,0.77,8,2
HD 10361_1,0.7426250762659353,0.09886631555286605,HD 10361,1.303,0.77,8,2
HD 10361_1,0.6551590786779086,0.12803881782548324,HD 10361,1.303,0.77,8,2
HD 10361_1,0.7338799066188639,0.01520750400662887,HD 10361,1.303,0.77,8,2
HD 10361_1,0.6948882737404717,0.1010630263594742,HD 10361,1.303,0.77,8,2
HD 10361_1,0.7602779985641204,0.12861919909031128,HD 10361,1.303,0.77,8,2
HD 10361_1,0.7280940363443316,0.1020834221042178,HD 10361,1.303,0.77,8,2
HD 10361_1,0.7638977916495798,0.05899636532003579,HD 10361,1.303,0.77,8,2
HD 10361_1,1.9325933895876541,0.032445990199759675,HD 10361,1.303,0.77,8,2
HD 10361_1,0.7912856169755756,0.13740997987845385,HD 10361,1.303,0.77,8,2
HD 10361_1,0.7155216773980756,0.05762179111183443,HD 10361,1.303,0.77,8,2
HD 10361_1,1.3263422255714878,0.13923993992622113,HD 10361,1.303,0.77,8,2
HD 10361_1,0.7133577743256247,0.15859813005903473,HD 10361,1.303,0.77,8,2
HD 10361_1,0.7090208218342604,0.16036059878172806,HD 10361,1.303,0.77,8,2
HD 10361_1,0.7510567076477254,0.11258896862776359,HD 10361,1.303,0.77,8,2
HD 10361_1,0.7693049126332663,0.13949952908784635,HD 10361,1.303,0.77,8,2
HD 10361_1,0.7002584121999068,0.10425888648074036,HD 10361,1.303,0.77,8,2
HD 10361_1,0.7212357566833211,0.02039040223028656,HD 10361,1.303,0.77,8,2
HD 10361_1,0.7661867148162065,0.1168325557212635,HD 10361,1.303,0.77,8,2
HD 10361_1,0.7183861660540147,0.005212513357604846,HD 10361,1.303,0.77,8,2
HD 10361_1,0.7208816559036049,0.07432814598669206,HD 10361,1.303,0.77,8,2
HD 10361_1,0.7875188223758359,0.14203938334234914,HD 10361,1.303,0.77,8,2
HD 10361_1,0.7527991077425777,0.11475814640440667,HD 10361,1.303,0.77,8,2
HD 10361_1,0.6955602164179618,0.1152091872584679,HD 10361,1.303,0.77,8,2
HD 10361_1,0.750590456945259,0.0753529443934569,HD 10361,1.303,0.77,8,2
HD 10361_1,0.7105584658083949,0.09077483960119727,HD 10361,1.303,0.77,8,2
HD 10361_1,1.3012314907272446,0.04447029672231716,HD 10361,1.303,0.77,8,2
HD 10361_1,0.7039810198736396,0.09290605049716166,HD 10361,1.303,0.77,8,2
HD 10361_1,0.7812567352894916,0.11140951861169789,HD 10361,1.303,0.77,8,2
HD 10361_1,0.7350394807205991,0.00653700890117944,HD 10361,1.303,0.77,8,2
HD 10361_1,0.7724913510536369,0.16655300460083985,HD 10361,1.303,0.77,8,2
HD 10361_1,0.6417243220310819,0.022712291462522297,HD 10361,1.303,0.77,8,2
HD 10361_1,0.7259404937042893,0.125605888096399,HD 10361,1.303,0.77,8,2
HD 10361_1,0.7770838593003324,0.42499672611588396,HD 10361,1.303,0.77,8,2
HD 10361_1,1.9447788806388673,0.09804649131453559,HD 10361,1.303,0.77,8,2
HD 10361_1,0.7341249496990421,0.02251091156943441,HD 10361,1.303,0.77,8,2
HD 10361_1,3.4115276393925686,0.8111159538649942,HD 10361,1.303,0.77,8,2
HD 10361_1,0.67428375725375,0.11678020670412768,HD 10361,1.303,0.77,8,2
HD 10361_1,0.7628920939910228,0.054389603489459745,HD 10361,1.303,0.77,8,2
HD 10361_1,0.6647328068008722,0.10725365079246664,HD 10361,1.303,0.77,8,2
HD 10361_1,0.7865145185702069,0.09967823553080367,HD 10361,1.303,0.77,8,2
HD 10361_1,0.7279916389511344,0.10439115492896725,HD 10361,1.303,0.77,8,2
HD 10361_1,0.7341150321226728,0.05154986460718922,HD 10361,1.303,0.77,8,2
HD 10361_1,0.7207643200355291,0.007065883750561218,HD 10361,1.303,0.77,8,2
HD 10361_1,0.6850215756815659,0.14652696762097422,HD 10361,1.303,0.77,8,2
HD 10361_1,0.7279276000986266,0.011699703065814792,HD 10361,1.303,0.77,8,2
HD 10361_1,0.7770511046071638,0.1817144927475786,HD 10361,1.303,0.77,8,2
HD 10361_1,0.7297418517370261,0.06177837630834424,HD 10361,1.303,0.77,8,2
HD 10361_1,0.6881619006550357,0.20174954165685002,HD 10361,1.303,0.77,8,2
HD 10361_1,0.7690471089725178,0.058132001416779815,HD 10361,1.303,0.77,8,2
HD 10361_1,0.7563120699012462,0.15750789539434007,HD 10361,1.303,0.77,8,2
HD 10361_1,0.7675536310025736,0.06533418663537377,HD 10361,1.303,0.77,8,2
HD 10361_1,0.723718904257559,0.011954645404036674,HD 10361,1.303,0.77,8,2
HD 10361_1,0.7240885116548106,0.03966726227344142,HD 10361,1.303,0.77,8,2
HD 10361_1,0.6603871332489165,0.30523908262610916,HD 10361,1.303,0.77,8,2
HD 10361_1,0.7613527039501738,0.015317736779605946,HD 10361,1.303,0.77,8,2
HD 10361_1,0.7622229562899369,0.06299524093466277,HD 10361,1.303,0.77,8,2
HD 10361_1,1.8356159743612452,0.02845397531677545,HD 10361,1.303,0.77,8,2
HD 10361_1,0.6992826347054087,0.09347995371328487,HD 10361,1.303,0.77,8,2
HD 10361_1,0.7677199211161155,0.06856551590060203,HD 10361,1.303,0.77,8,2
HD 10361_1,0.6622235190358908,0.07973088031086867,HD 10361,1.303,0.77,8,2
HD 10361_1,0.7804835770560943,0.1802914199930412,HD 10361,1.303,0.77,8,2
HD 10361_1,0.717709850759796,0.010268240104407435,HD 10361,1.303,0.77,8,2
HD 10361_1,0.7500916713634724,0.10102764497614308,HD 10361,1.303,0.77,8,2
HD 10361_1,0.7845225440735966,0.18529195713479724,HD 10361,1.303,0.77,8,2
HD 10361_1,0.7461860910997231,0.09554779818394048,HD 10361,1.303,0.77,8,2
HD 10361_1,0.6803681023722771,0.22857661282737016,HD 10361,1.303,0.77,8,2
HD 10361_1,0.7041024973865629,0.06761029853415815,HD 10361,1.303,0.77,8,2
HD 10361_1,0.7137462591843551,0.08405929807285907,HD 10361,1.303,0.77,8,2
HD 10361_1,3.0206849568794625,0.2142208281763005,HD 10361,1.303,0.77,8,2
HD 10361_1,0.6632727110549113,0.18826842363007082,HD 10361,1.303,0.77,8,2
HD 10361_1,0.7042309585645333,0.24705696693632673,HD 10361,1.303,0.77,8,2
HD 10361_1,0.7227306966658802,0.03197234387462554,HD 10361,1.303,0.77,8,2
HD 10361_1,0.6753598390948223,0.1609450544891659,HD 10361,1.303,0.77,8,2
HD 10361_1,1.3322484727099446,0.2734941566308722,HD 10361,1.303,0.77,8,2
HD 10361_1,0.6779288613873474,0.18464845385516912,HD 10361,1.303,0.77,8,2
HD 10361_1,0.6438553899664853,0.06790555974316087,HD 10361,1.303,0.77,8,2
HD 10361_1,0.7216253098694119,0.1382498938957259,HD 10361,1.303,0.77,8,2
HD 10361_1,0.7374089665199031,0.025899389512580747,HD 10361,1.303,0.77,8,2
HD 10361_1,0.7139092302325998,0.08573727228098718,HD 10361,1.303,0.77,8,2
HD 10361_1,1.3177075485144152,0.08858298951460503,HD 10361,1.303,0.77,8,2
HD 10361_1,0.6921562484978647,0.10709524574604312,HD 10361,1.303,0.77,8,2
HD 10361_1,0.6364678099061859,0.043223931348952506,HD 10361,1.303,0.77,8,2
HD 10361_1,0.7112072125309568,0.03615055993516977,HD 10361,1.303,0.77,8,2
HD 10361_1,2.374803661863805,0.17771059706995812,HD 10361,1.303,0.77,8,2
HD 10361_1,0.677708951354957,0.20255245251280188,HD 10361,1.303,0.77,8,2
HD 10361_1,0.7443994406343403,0.06891402013815656,HD 10361,1.303,0.77,8,2
HD 10361_1,0.7359233763273579,0.02735305385731807,HD 10361,1.303,0.77,8,2
HD 10361_1,0.7104655820881295,0.023076693561232015,HD 10361,1.303,0.77,8,2
HD 10361_1,0.6466383587852333,0.07110372013591965,HD 10361,1.303,0.77,8,2
HD 10361_1,0.6759247634551768,0.19818609450080665,HD 10361,1.303,0.77,8,2
HD 10361_1,0.7371965561121857,0.1339110690992776,HD 10361,1.303,0.77,8,2
HD 10361_1,0.7214778618668748,0.011242389009433338,HD 10361,1.303,0.77,8,2
HD 10361_1,0.7591277888717198,0.00042710744210387063,HD 10361,1.303,0.77,8,2
HD 10361_1,0.6350789460980342,0.023355978227361237,HD 10361,1.303,0.77,8,2
HD 10361_1,0.7507672488457712,0.005043393996505852,HD 10361,1.303,0.77,8,2
HD 10361_1,0.701314614277973,0.3652632567327689,HD 10361,1.303,0.77,8,2
HD 10361_1,0.6747195687060505,0.17366214526616994,HD 10361,1.303,0.77,8,2
HD 10361_1,1.3278615339382056,0.3617025596034033,HD 10361,1.303,0.77,8,2
HD 10361_1,0.7384069871697548,0.07553698109530883,HD 10361,1.303,0.77,8,2
HD 10361_1,0.7172665567504138,0.007096478685344714,HD 10361,1.303,0.77,8,2
HD 10361_1,0.6647787924050118,0.17434948430631703,HD 10361,1.303,0.77,8,2
HD 10361_1,0.6594852502891762,0.07471672078254898,HD 10361,1.303,0.77,8,2
HD 10361_1,0.7152465933474147,0.012913842628076315,HD 10361,1.303,0.77,8,2
HD 10361_1,0.7534456927396013,0.08930244467600093,HD 10361,1.303,0.77,8,2
HD 10361_1,0.6559421737570178,0.08453349735563746,HD 10361,1.303,0.77,8,2
HD 10361_1,1.8240437736008843,0.012360835933193787,HD 10361,1.303,0.77,8,2
HD 10361_1,0.7168145055950047,0.041556725254967924,HD 10361,1.303,0.77,8,2
HD 10361_1,0.7573776217990361,0.12702622625651822,HD 10361,1.303,0.77,8,2
HD 10361_1,0.8063737741382832,0.24841654697144996,HD 10361,1.303,0.77,8,2
HD 10361_1,0.7203276270756706,0.012750741488994048,HD 10361,1.303,0.77,8,2
HD 10361_1,0.800321123141983,0.23397482047626023,HD 10361,1.303,0.77,8,2
HD 10361_1,0.6776967188981595,0.16038586825002618,HD 10361,1.303,0.77,8,2
HD 10361_1,0.6616479488231058,0.09570672997865813,HD 10361,1.303,0.77,8,2
HD 10361_1,0.7019822546861951,0.11640485603887146,HD 10361,1.303,0.77,8,2
HD 10361_1,0.7861578260199197,0.21786725336315144,HD 10361,1.303,0.77,8,2
HD 10361_1,0.7228323387571058,0.005199122667675753,HD 10361,1.303,0.77,8,2
HD 10361_1,0.6933386023846866,0.20839845427939357,HD 10361,1.303,0.77,8,2
HD 10361_1,1.5208414109826247,0.1853781324406684,HD 10361,1.303,0.77,8,2
HD 10361_1,0.7701259273101743,0.12295211763225254,HD 10361,1.303,0.77,8,2
HD 10361_1,0.6720685768086011,0.17623115636992517,HD 10361,1.303,0.77,8,2
HD 10361_1,0.6642596786123579,0.25301111656969844,HD 10361,1.303,0.77,8,2
HD 10361_1,0.7375853709086279,0.06703915444184583,HD 10361,1.303,0.77,8,2
HD 10361_1,1.2890138978179007,0.34122484474661224,HD 10361,1.303,0.77,8,2
HD 10361_1,0.6969640861847705,0.07375959719272332,HD 10361,1.303,0.77,8,2
HD 10361_1,2.929172566182296,0.23807023524480908,HD 10361,1.303,0.77,8,2
HD 10361_1,0.7075312440964946,0.09296106054773437,HD 10361,1.303,0.77,8,2
HD 10361_1,0.7706551736933196,0.4252264885172204,HD 10361,1.303,0.77,8,2
HD 10361_1,0.7181369232425606,0.020923385930707947,HD 10361,1.303,0.77,8,2
HD 10361_1,0.7422435093455731,0.07290900535444986,HD 10361,1.303,0.77,8,2
HD 10361_1,0.6413223061906879,0.03833611454409189,HD 10361,1.303,0.77,8,2
HD 10361_1,0.7390083890021718,0.014939468337238661,HD 10361,1.303,0.77,8,2
HD 10361_1,0.7321609059344134,0.010497289028365398,HD 10361,1.303,0.77,8,2
HD 10361_1,0.6424359828823017,0.06655122819578509,HD 10361,1.303,0.77,8,2
HD 10361_1,0.6633541745169758,0.0899956111301963,HD 10361,1.303,0.77,8,2
HD 10361_1,0.6391595784332896,0.012613830151916102,HD 10361,1.303,0.77,8,2
HD 10361_1,0.7500422993391923,0.004836227540407417,HD 10361,1.303,0.77,8,2
HD 10361_1,0.7603683303355344,0.13639407186867317,HD 10361,1.303,0.77,8,2
HD 10361_1,0.6370223119797176,0.00030853474537970697,HD 10361,1.303,0.77,8,2
HD 10361_1,0.687470532656775,0.2014627662766926,HD 10361,1.303,0.77,8,2
HD 10361_1,0.6574743777858914,0.06525663772972297,HD 10361,1.303,0.77,8,2
HD 10361_1,2.0093069074242482,0.39339261698933986,HD 10361,1.303,0.77,8,2
HD 10361_1,0.7349746089797344,0.029364699913220396,HD 10361,1.303,0.77,8,2
HD 10361_1,0.6854181233290642,0.2268322227276385,HD 10361,1.303,0.77,8,2
HD 10361_1,0.6688779525469345,0.15509411889366317,HD 10361,1.303,0.77,8,2
HD 10361_1,0.6399635498328305,0.007221380245626525,HD 10361,1.303,0.77,8,2
HD 10361_1,0.6713673367239502,0.23102873827588757,HD 10361,1.303,0.77,8,2
HD 10361_1,0.7630341041095453,0.09038598076155767,HD 10361,1.303,0.77,8,2
HD 10361_1,0.6950129826664969,0.1253626689708419,HD 10361,1.303,0.77,8,2
HD 10361_1,0.7330476112612025,0.11663461754586003,HD 10361,1.303,0.77,8,2
HD 10361_1,0.646886939694051,0.023558669107963358,HD 10361,1.303,0.77,8,2
HD 10361_1,0.7723353565364115,0.09909989196825474,HD 10361,1.303,0.77,8,2
HD 10361_1,0.7875307342927879,0.16012266751421034,HD 10361,1.303,0.77,8,2
HD 10361_1,0.7034501810460041,0.1621907246138273,HD 10361,1.303,0.77,8,2
HD 10361_1,0.7699080411923942,0.16703274134986615,HD 10361,1.303,0.77,8,2
HD 10361_1,0.6663636173133289,0.18102305453165396,HD 10361,1.303,0.77,8,2
HD 10361_1,0.677406271117021,0.1364843483160096,HD 10361,1.303,0.77,8,2
HD 10361_1,0.6868115693080671,0.2681147956569953,HD 10361,1.303,0.77,8,2
HD 10361_1,1.3279251769652656,0.1642259877985786,HD 10361,1.303,0.77,8,2
HD 10361_1,0.6527998769759261,0.06122128614198416,HD 10361,1.303,0.77,8,2
HD 10361_1,0.7367302693971574,0.03561901777433558,HD 10361,1.303,0.77,8,2
HD 10361_1,0.7301837952353845,0.024921614078494973,HD 10361,1.303,0.77,8,2
HD 10361_1,0.7153012561411686,0.17552628559524008,HD 10361,1.303,0.77,8,2
HD 10361_1,0.7584109684145979,0.0029404905438304408,HD 10361,1.303,0.77,8,2
HD 10361_1,0.646501958227079,0.09467003616553332,HD 10361,1.303,0.77,8,2
HD 10361_1,0.7239497288634448,0.00023610723622217306,HD 10361,1.303,0.77,8,2
HD 10361_1,1.272028943007541,0.09559926698674083,HD 10361,1.303,0.77,8,2
HD 10361_1,0.7382708464288259,0.1452733344113477,HD 10361,1.303,0.77,8,2
